items,subjects,families,checkpoints_per_family,aggregate_benchmark_score,pairwise_model_comparison,top_k_selection,subject_conditioned_score,best_family_selection
100,5,3,1,0.8589720702243723,0.7846642182700716,0.6745310668530838,0.43247554577988506,0.3496414367315595
100,5,3,2,0.8589720702243723,0.7846642182700716,0.6745310668530838,0.43247554577988506,0.5110410837590206
100,5,3,3,0.8589720702243723,0.7846642182700716,0.6745310668530838,0.43247554577988506,0.6039757975289936
100,5,5,1,0.8610919709986298,0.7876249326959338,0.6758376326301703,0.43247554577988506,0.3496414367315595
100,5,5,2,0.8610919709986298,0.7876249326959338,0.6758376326301703,0.43247554577988506,0.5110410837590206
100,5,5,3,0.8610919709986298,0.7876249326959338,0.6758376326301703,0.43247554577988506,0.6039757975289936
100,5,8,1,0.8622890198475942,0.7893001740934849,0.6765748026561396,0.43247554577988506,0.3496414367315595
100,5,8,2,0.8622890198475942,0.7893001740934849,0.6765748026561396,0.43247554577988506,0.5110410837590206
100,5,8,3,0.8622890198475942,0.7893001740934849,0.6765748026561396,0.43247554577988506,0.6039757975289936
100,5,10,1,0.8626887760645773,0.7898601726429464,0.6768208834918172,0.43247554577988506,0.3496414367315595
100,5,10,2,0.8626887760645773,0.7898601726429464,0.6768208834918172,0.43247554577988506,0.5110410837590206
100,5,10,3,0.8626887760645773,0.7898601726429464,0.6768208834918172,0.43247554577988506,0.6039757975289936
100,5,15,1,0.8632223612819364,0.7906080746275407,0.677149269862996,0.43247554577988506,0.3496414367315595
100,5,15,2,0.8632223612819364,0.7906080746275407,0.677149269862996,0.43247554577988506,0.5110410837590206
100,5,15,3,0.8632223612819364,0.7906080746275407,0.677149269862996,0.43247554577988506,0.6039757975289936
100,10,3,1,0.872723141432917,0.8040075480250667,0.7495751034632911,0.29604970020303334,0.35294289717408533
100,10,3,2,0.872723141432917,0.8040075480250667,0.7495751034632911,0.29604970020303334,0.5181249289119186
100,10,3,3,0.872723141432917,0.8040075480250667,0.7495751034632911,0.29604970020303334,0.6138953629135823
100,10,5,1,0.8738159734913394,0.8055589368755697,0.7503811386812956,0.29604970020303334,0.35294289717408533
100,10,5,2,0.8738159734913394,0.8055589368755697,0.7503811386812956,0.29604970020303334,0.5181249289119186
100,10,5,3,0.8738159734913394,0.8055589368755697,0.7503811386812956,0.29604970020303334,0.6138953629135823
100,10,8,1,0.8744318951151833,0.8064342269803757,0.7508352957427794,0.29604970020303334,0.35294289717408533
100,10,8,2,0.8744318951151833,0.8064342269803757,0.7508352957427794,0.29604970020303334,0.5181249289119186
100,10,8,3,0.8744318951151833,0.8064342269803757,0.7508352957427794,0.29604970020303334,0.6138953629135823
100,10,10,1,0.8746373953200863,0.8067264131939602,0.7509868036198495,0.29604970020303334,0.35294289717408533
100,10,10,2,0.8746373953200863,0.8067264131939602,0.7509868036198495,0.29604970020303334,0.5181249289119186
100,10,10,3,0.8746373953200863,0.8067264131939602,0.7509868036198495,0.29604970020303334,0.6138953629135823
100,10,15,1,0.8749115458902366,0.8071163243275862,0.7511889092615105,0.29604970020303334,0.35294289717408533
100,10,15,2,0.8749115458902366,0.8071163243275862,0.7511889092615105,0.29604970020303334,0.5181249289119186
100,10,15,3,0.8749115458902366,0.8071163243275862,0.7511889092615105,0.29604970020303334,0.6138953629135823
100,20,3,1,0.8797651123690736,0.8140413109682546,0.7937276485759703,0.18152461576545287,0.35461711862841067
100,20,3,2,0.8797651123690736,0.8140413109682546,0.7937276485759703,0.18152461576545287,0.5217410105205226
100,20,3,3,0.8797651123690736,0.8140413109682546,0.7937276485759703,0.18152461576545287,0.6189783448713996
100,20,5,1,0.8803200373584903,0.8148357301714549,0.7941793142012391,0.18152461576545287,0.35461711862841067
100,20,5,2,0.8803200373584903,0.8148357301714549,0.7941793142012391,0.18152461576545287,0.5217410105205226
100,20,5,3,0.8803200373584903,0.8148357301714549,0.7941793142012391,0.18152461576545287,0.6189783448713996
100,20,8,1,0.8806324904153472,0.8152832727372202,0.7944336020820036,0.18152461576545287,0.35461711862841067
100,20,8,2,0.8806324904153472,0.8152832727372202,0.7944336020820036,0.18152461576545287,0.5217410105205226
100,20,8,3,0.8806324904153472,0.8152832727372202,0.7944336020820036,0.18152461576545287,0.6189783448713996
100,20,10,1,0.880736690728728,0.8154325628611386,0.7945184008995924,0.18152461576545287,0.35461711862841067
100,20,10,2,0.880736690728728,0.8154325628611386,0.7945184008995924,0.18152461576545287,0.5217410105205226
100,20,10,3,0.880736690728728,0.8154325628611386,0.7945184008995924,0.18152461576545287,0.6189783448713996
100,20,15,1,0.8808756628442121,0.8156317014294538,0.7946314941540342,0.18152461576545287,0.35461711862841067
100,20,15,2,0.8808756628442121,0.8156317014294538,0.7946314941540342,0.18152461576545287,0.5217410105205226
100,20,15,3,0.8808756628442121,0.8156317014294538,0.7946314941540342,0.18152461576545287,0.6189783448713996
100,40,3,1,0.8833288865207095,0.8191526957954708,0.8178136637845733,0.10234302318751959,0.35546019989962435
100,40,3,2,0.8833288865207095,0.8191526957954708,0.8178136637845733,0.10234302318751959,0.5235680455411206
100,40,3,3,0.8833288865207095,0.8191526957954708,0.8178136637845733,0.10234302318751959,0.6215515319433195
100,40,5,1,0.8836085136398917,0.8195547143023614,0.818053344421821,0.10234302318751959,0.35546019989962435
100,40,5,2,0.8836085136398917,0.8195547143023614,0.818053344421821,0.10234302318751959,0.5235680455411206
100,40,5,3,0.8836085136398917,0.8195547143023614,0.818053344421821,0.10234302318751959,0.6215515319433195
100,40,8,1,0.8837658817081263,0.8197810231686317,0.8181882265286705,0.10234302318751959,0.35546019989962435
100,40,8,2,0.8837658817081263,0.8197810231686317,0.8181882265286705,0.10234302318751959,0.5235680455411206
100,40,8,3,0.8837658817081263,0.8197810231686317,0.8181882265286705,0.10234302318751959,0.6215515319433195
100,40,10,1,0.8838183501879612,0.819856487234216,0.8182331971157656,0.10234302318751959,0.35546019989962435
100,40,10,2,0.8838183501879612,0.819856487234216,0.8182331971157656,0.10234302318751959,0.5235680455411206
100,40,10,3,0.8838183501879612,0.819856487234216,0.8182331971157656,0.10234302318751959,0.6215515319433195
100,40,15,1,0.8838883178529899,0.8199571276031359,0.8182931655889999,0.10234302318751959,0.35546019989962435
100,40,15,2,0.8838883178529899,0.8199571276031359,0.8182931655889999,0.10234302318751959,0.5235680455411206
100,40,15,3,0.8838883178529899,0.8199571276031359,0.8182931655889999,0.10234302318751959,0.6215515319433195
100,57,3,1,0.8843973629411449,0.8206895940839922,0.8252827987396122,0.074660832301612,0.35571242182819995
100,57,3,2,0.8843973629411449,0.8206895940839922,0.8252827987396122,0.074660832301612,0.524115430561852
100,57,3,3,0.8843973629411449,0.8206895940839922,0.8252827987396122,0.074660832301612,0.6223231207298348
100,57,5,1,0.8845940489880904,0.8209727306907638,0.8254540673620565,0.074660832301612,0.35571242182819995
100,57,5,2,0.8845940489880904,0.8209727306907638,0.8254540673620565,0.074660832301612,0.524115430561852
100,57,5,3,0.8845940489880904,0.8209727306907638,0.8254540673620565,0.074660832301612,0.6223231207298348
100,57,8,1,0.8847047233395152,0.8211320809017757,0.8255504372047023,0.074660832301612,0.35571242182819995
100,57,8,2,0.8847047233395152,0.8211320809017757,0.8255504372047023,0.074660832301612,0.524115430561852
100,57,8,3,0.8847047233395152,0.8211320809017757,0.8255504372047023,0.074660832301612,0.6223231207298348
100,57,10,1,0.884741620944388,0.8211852113862291,0.8255825654862033,0.074660832301612,0.35571242182819995
100,57,10,2,0.884741620944388,0.8211852113862291,0.8255825654862033,0.074660832301612,0.524115430561852
100,57,10,3,0.884741620944388,0.8211852113862291,0.8255825654862033,0.074660832301612,0.6223231207298348
100,57,15,1,0.8847908225387033,0.8212560627283182,0.825625407085049,0.074660832301612,0.35571242182819995
100,57,15,2,0.8847908225387033,0.8212560627283182,0.825625407085049,0.074660832301612,0.524115430561852
100,57,15,3,0.8847908225387033,0.8212560627283182,0.825625407085049,0.074660832301612,0.6223231207298348
250,5,3,1,0.9193838109009123,0.872169991752368,0.7293353996505423,0.5977484915233097,0.3745801256910276
250,5,3,2,0.9193838109009123,0.872169991752368,0.7293353996505423,0.5977484915233097,0.5371777269099913
250,5,3,3,0.9193838109009123,0.872169991752368,0.7293353996505423,0.5977484915233097,0.6280526853636947
250,5,5,1,0.9218128054481375,0.8758294254918083,0.7308631426601944,0.5977484915233097,0.3745801256910276
250,5,5,2,0.9218128054481375,0.8758294254918083,0.7308631426601944,0.5977484915233097,0.5371777269099913
250,5,5,3,0.9218128054481375,0.8758294254918083,0.7308631426601944,0.5977484915233097,0.6280526853636947
250,5,8,1,0.9231847635310265,0.8779013837802426,0.7317253140722477,0.5977484915233097,0.3745801256910276
250,5,8,2,0.9231847635310265,0.8779013837802426,0.7317253140722477,0.5977484915233097,0.5371777269099913
250,5,8,3,0.9231847635310265,0.8779013837802426,0.7317253140722477,0.5977484915233097,0.6280526853636947
250,5,10,1,0.923642990862913,0.8785942167743666,0.7320131567522061,0.5977484915233097,0.3745801256910276
250,5,10,2,0.923642990862913,0.8785942167743666,0.7320131567522061,0.5977484915233097,0.5371777269099913
250,5,10,3,0.923642990862913,0.8785942167743666,0.7320131567522061,0.5977484915233097,0.6280526853636947
250,5,15,1,0.9242546687090774,0.8795196969802427,0.7323972994487681,0.5977484915233097,0.3745801256910276
250,5,15,2,0.9242546687090774,0.8795196969802427,0.7323972994487681,0.5977484915233097,0.5371777269099913
250,5,15,3,0.9242546687090774,0.8795196969802427,0.7323972994487681,0.5977484915233097,0.6280526853636947
250,10,3,1,0.9351548895405218,0.8961341074779126,0.8178694552292717,0.47638077522780425,0.3783718989652955
250,10,3,2,0.9351548895405218,0.8961341074779126,0.8178694552292717,0.47638077522780425,0.5450102452233827
250,10,3,3,0.9351548895405218,0.8961341074779126,0.8178694552292717,0.47638077522780425,0.6387859085343823
250,10,5,1,0.9364097818156129,0.898061820853726,0.8188291524574762,0.47638077522780425,0.3783718989652955
250,10,5,2,0.9364097818156129,0.898061820853726,0.8188291524574762,0.47638077522780425,0.5450102452233827
250,10,5,3,0.9364097818156129,0.898061820853726,0.8188291524574762,0.47638077522780425,0.6387859085343823
250,10,8,1,0.937117139873053,0.8991498086816166,0.8193699725555503,0.47638077522780425,0.3783718989652955
250,10,8,2,0.937117139873053,0.8991498086816166,0.8193699725555503,0.47638077522780425,0.5450102452233827
250,10,8,3,0.937117139873053,0.8991498086816166,0.8193699725555503,0.47638077522780425,0.6387859085343823
250,10,10,1,0.9373531634337126,0.8995130573410038,0.8195504047124185,0.47638077522780425,0.3783718989652955
250,10,10,2,0.9373531634337126,0.8995130573410038,0.8195504047124185,0.47638077522780425,0.5450102452233827
250,10,10,3,0.9373531634337126,0.8995130573410038,0.8195504047124185,0.47638077522780425,0.6387859085343823
250,10,15,1,0.9376680465173589,0.8999978456862315,0.8197911045706564,0.47638077522780425,0.3783718989652955
250,10,15,2,0.9376680465173589,0.8999978456862315,0.8197911045706564,0.47638077522780425,0.5450102452233827
250,10,15,3,0.9376680465173589,0.8999978456862315,0.8197911045706564,0.47638077522780425,0.6387859085343823
250,20,3,1,0.9432450866165822,0.908616880492469,0.8707176838000155,0.3387999242022302,0.3802967193680482
250,20,3,2,0.9432450866165822,0.908616880492469,0.8707176838000155,0.3387999242022302,0.5490127871140271
250,20,3,3,0.9432450866165822,0.908616880492469,0.8707176838000155,0.3387999242022302,0.6442912763298972
250,20,5,1,0.9438830117024464,0.9096067266204683,0.8712612503502085,0.3387999242022302,0.3802967193680482
250,20,5,2,0.9438830117024464,0.9096067266204683,0.8712612503502085,0.3387999242022302,0.5490127871140271
250,20,5,3,0.9438830117024464,0.9096067266204683,0.8712612503502085,0.3387999242022302,0.6442912763298972
250,20,8,1,0.9442422238979782,0.9101644634058769,0.8715673048827164,0.3387999242022302,0.3802967193680482
250,20,8,2,0.9442422238979782,0.9101644634058769,0.8715673048827164,0.3387999242022302,0.5490127871140271
250,20,8,3,0.9442422238979782,0.9101644634058769,0.8715673048827164,0.3387999242022302,0.6442912763298972
250,20,10,1,0.9443620220619159,0.910350527691335,0.8716693708480775,0.3387999242022302,0.3802967193680482
250,20,10,2,0.9443620220619159,0.910350527691335,0.8716693708480775,0.3387999242022302,0.5490127871140271
250,20,10,3,0.9443620220619159,0.910350527691335,0.8716693708480775,0.3387999242022302,0.6442912763298972
250,20,15,1,0.9445218002411504,0.9105987317748516,0.8718054959934446,0.3387999242022302,0.3802967193680482
250,20,15,2,0.9445218002411504,0.9105987317748516,0.8718054959934446,0.3387999242022302,0.5490127871140271
250,20,15,3,0.9445218002411504,0.9105987317748516,0.8718054959934446,0.3387999242022302,0.6442912763298972
250,40,3,1,0.9473429055394923,0.9149895914997076,0.8997884766858336,0.2147553537132582,0.3812664921299056
250,40,3,2,0.9473429055394923,0.9149895914997076,0.8997884766858336,0.2147553537132582,0.5510361852372762
250,40,3,3,0.9473429055394923,0.9149895914997076,0.8997884766858336,0.2147553537132582,0.6470797001938112
250,40,5,1,0.947664537205311,0.9154912100182225,0.9000786235213967,0.2147553537132582,0.3812664921299056
250,40,5,2,0.947664537205311,0.9154912100182225,0.9000786235213967,0.2147553537132582,0.5510361852372762
250,40,5,3,0.947664537205311,0.9154912100182225,0.9000786235213967,0.2147553537132582,0.6470797001938112
250,40,8,1,0.9478455510095224,0.9157736122077026,0.9002419133627415,0.2147553537132582,0.3812664921299056
250,40,8,2,0.9478455510095224,0.9157736122077026,0.9002419133627415,0.2147553537132582,0.5510361852372762
250,40,8,3,0.9478455510095224,0.9157736122077026,0.9002419133627415,0.2147553537132582,0.6470797001938112
250,40,10,1,0.9479059043121372,0.915867784991641,0.9002963564766988,0.2147553537132582,0.3812664921299056
250,40,10,2,0.9479059043121372,0.915867784991641,0.9002963564766988,0.2147553537132582,0.5510361852372762
250,40,10,3,0.9479059043121372,0.915867784991641,0.9002963564766988,0.2147553537132582,0.6470797001938112
250,40,15,1,0.9479863873391436,0.9159933788362395,0.9003689575394891,0.2147553537132582,0.3812664921299056
250,40,15,2,0.9479863873391436,0.9159933788362395,0.9003689575394891,0.2147553537132582,0.5510361852372762
250,40,15,3,0.9479863873391436,0.9159933788362395,0.9003689575394891,0.2147553537132582,0.6470797001938112
250,57,3,1,0.9485719640608018,0.9169075669584758,0.9088383020687609,0.16378411757557543,0.38155668085254196
250,57,3,2,0.9485719640608018,0.9169075669584758,0.9088383020687609,0.16378411757557543,0.5516425454582551
250,57,3,3,0.9485719640608018,0.9169075669584758,0.9088383020687609,0.16378411757557543,0.6479160141028417
250,57,5,1,0.9487982336829213,0.9172609997570706,0.9090460107203902,0.16378411757557543,0.38155668085254196
250,57,5,2,0.9487982336829213,0.9172609997570706,0.9090460107203902,0.16378411757557543,0.5516425454582551
250,57,5,3,0.9487982336829213,0.9172609997570706,0.9090460107203902,0.16378411757557543,0.6479160141028417
250,57,8,1,0.9489255577895546,0.9174599254698879,0.9091628885642945,0.16378411757557543,0.38155668085254196
250,57,8,2,0.9489255577895546,0.9174599254698879,0.9091628885642945,0.16378411757557543,0.5516425454582551
250,57,8,3,0.9489255577895546,0.9174599254698879,0.9091628885642945,0.16378411757557543,0.6479160141028417
250,57,10,1,0.9489680067526723,0.9175262532159338,0.9092018545246446,0.16378411757557543,0.38155668085254196
250,57,10,2,0.9489680067526723,0.9175262532159338,0.9092018545246446,0.16378411757557543,0.5516425454582551
250,57,10,3,0.9489680067526723,0.9175262532159338,0.9092018545246446,0.16378411757557543,0.6479160141028417
250,57,15,1,0.949024611278203,0.917614705130385,0.9092538143344481,0.16378411757557543,0.38155668085254196
250,57,15,2,0.949024611278203,0.917614705130385,0.9092538143344481,0.16378411757557543,0.5516425454582551
250,57,15,3,0.949024611278203,0.917614705130385,0.9092538143344481,0.16378411757557543,0.6479160141028417
500,5,3,1,0.9414547338929269,0.905843211026253,0.7496375969140082,0.6850084234045184,0.38370284875596533
500,5,3,2,0.9414547338929269,0.905843211026253,0.7496375969140082,0.6850084234045184,0.5464943475628814
500,5,3,3,0.9414547338929269,0.905843211026253,0.7496375969140082,0.6850084234045184,0.6365106375356409
500,5,5,1,0.9440019117352862,0.9097913100213961,0.7512516721050619,0.6850084234045184,0.38370284875596533
500,5,5,2,0.9440019117352862,0.9097913100213961,0.7512516721050619,0.6850084234045184,0.5464943475628814
500,5,5,3,0.9440019117352862,0.9097913100213961,0.7512516721050619,0.6850084234045184,0.6365106375356409
500,5,8,1,0.94544076556061,0.9120272768381823,0.7521626475940058,0.6850084234045184,0.38370284875596533
500,5,8,2,0.94544076556061,0.9120272768381823,0.7521626475940058,0.6850084234045184,0.5464943475628814
500,5,8,3,0.94544076556061,0.9120272768381823,0.7521626475940058,0.6850084234045184,0.6365106375356409
500,5,10,1,0.9459213587135548,0.912775043454502,0.7524667972480606,0.6850084234045184,0.38370284875596533
500,5,10,2,0.9459213587135548,0.912775043454502,0.7524667972480606,0.6850084234045184,0.5464943475628814
500,5,10,3,0.9459213587135548,0.912775043454502,0.7524667972480606,0.6850084234045184,0.6365106375356409
500,5,15,1,0.9465629101394654,0.9137739750885084,0.7528727129560093,0.6850084234045184,0.38370284875596533
500,5,15,2,0.9465629101394654,0.9137739750885084,0.7528727129560093,0.6850084234045184,0.5464943475628814
500,5,15,3,0.9465629101394654,0.9137739750885084,0.7528727129560093,0.6850084234045184,0.6365106375356409
500,10,3,1,0.9579989220283938,0.9317209394388475,0.8434863471804529,0.5977484915233097,0.387682545941623
500,10,3,2,0.9579989220283938,0.9317209394388475,0.8434863471804529,0.5977484915233097,0.554602961323579
500,10,3,3,0.9579989220283938,0.9317209394388475,0.8434863471804529,0.5977484915233097,0.6475374325341577
500,10,5,1,0.9593159155094554,0.933804975643968,0.8445071417222714,0.5977484915233097,0.387682545941623
500,10,5,2,0.9593159155094554,0.933804975643968,0.8445071417222714,0.5977484915233097,0.554602961323579
500,10,5,3,0.9593159155094554,0.933804975643968,0.8445071417222714,0.5977484915233097,0.6475374325341577
500,10,8,1,0.9600583168473432,0.9349813481824211,0.8450824251700233,0.5977484915233097,0.387682545941623
500,10,8,2,0.9600583168473432,0.9349813481824211,0.8450824251700233,0.5977484915233097,0.554602961323579
500,10,8,3,0.9600583168473432,0.9349813481824211,0.8450824251700233,0.5977484915233097,0.6475374325341577
500,10,10,1,0.9603060393743673,0.9353741312830758,0.8452743605306609,0.5977484915233097,0.387682545941623
500,10,10,2,0.9603060393743673,0.9353741312830758,0.8452743605306609,0.5977484915233097,0.554602961323579
500,10,10,3,0.9603060393743673,0.9353741312830758,0.8452743605306609,0.5977484915233097,0.6475374325341577
500,10,15,1,0.960636535006181,0.9358983557270889,0.845530410006769,0.5977484915233097,0.387682545941623
500,10,15,2,0.960636535006181,0.9358983557270889,0.845530410006769,0.5977484915233097,0.554602961323579
500,10,15,3,0.960636535006181,0.9358983557270889,0.845530410006769,0.5977484915233097,0.6475374325341577
500,20,3,1,0.9664909972788406,0.9452222856429486,0.8998109879415088,0.47638077522780425,0.3897035134438473
500,20,3,2,0.9664909972788406,0.9452222856429486,0.8998109879415088,0.47638077522780425,0.5587481763396511
500,20,3,3,0.9664909972788406,0.9452222856429486,0.8998109879415088,0.47638077522780425,0.6531953515149194
500,20,5,1,0.9671607638106621,0.9462935411132058,0.9003914978502857,0.47638077522780425,0.3897035134438473
500,20,5,2,0.9671607638106621,0.9462935411132058,0.9003914978502857,0.47638077522780425,0.5587481763396511
500,20,5,3,0.9671607638106621,0.9462935411132058,0.9003914978502857,0.47638077522780425,0.6531953515149194
500,20,8,1,0.967537915579505,0.9468971900703331,0.9007183639561059,0.47638077522780425,0.3897035134438473
500,20,8,2,0.967537915579505,0.9468971900703331,0.9007183639561059,0.47638077522780425,0.5587481763396511
500,20,8,3,0.967537915579505,0.9468971900703331,0.9007183639561059,0.47638077522780425,0.6531953515149194
500,20,10,1,0.9676636982101633,0.9470985775693163,0.9008273720693647,0.47638077522780425,0.3897035134438473
500,20,10,2,0.9676636982101633,0.9470985775693163,0.9008273720693647,0.47638077522780425,0.5587481763396511
500,20,10,3,0.9676636982101633,0.9470985775693163,0.9008273720693647,0.47638077522780425,0.6531953515149194
500,20,15,1,0.967831459266373,0.9473672275256448,0.9009727572704779,0.47638077522780425,0.3897035134438473
500,20,15,2,0.967831459266373,0.9473672275256448,0.9009727572704779,0.47638077522780425,0.5587481763396511
500,20,15,3,0.967831459266373,0.9473672275256448,0.9009727572704779,0.47638077522780425,0.6531953515149194
500,40,3,1,0.9707937440447953,0.9521207632387952,0.9308915945363965,0.3387999242022302,0.3907219192367445
500,40,3,2,0.9707937440447953,0.9521207632387952,0.9308915945363965,0.3387999242022302,0.5608441076443947
500,40,3,3,0.9707937440447953,0.9521207632387952,0.9308915945363965,0.3387999242022302,0.6560615511477809
500,40,5,1,0.9711314991901665,0.9526639322539958,0.9312021506213001,0.3387999242022302,0.3907219192367445
500,40,5,2,0.9711314991901665,0.9526639322539958,0.9312021506213001,0.3387999242022302,0.5608441076443947
500,40,5,3,0.9711314991901665,0.9526639322539958,0.9312021506213001,0.3387999242022302,0.6560615511477809
500,40,8,1,0.9713215897604395,0.9529697372581502,0.9313769294952863,0.3387999242022302,0.3907219192367445
500,40,8,2,0.9713215897604395,0.9529697372581502,0.9313769294952863,0.3387999242022302,0.5608441076443947
500,40,8,3,0.9713215897604395,0.9529697372581502,0.9313769294952863,0.3387999242022302,0.6560615511477809
500,40,10,1,0.9713849698220899,0.9530717158923673,0.9314352037006545,0.3387999242022302,0.3907219192367445
500,40,10,2,0.9713849698220899,0.9530717158923673,0.9314352037006545,0.3387999242022302,0.5608441076443947
500,40,10,3,0.9713849698220899,0.9530717158923673,0.9314352037006545,0.3387999242022302,0.6560615511477809
500,40,15,1,0.9714694894384988,0.9532077213606758,0.9315129139854794,0.3387999242022302,0.3907219192367445
500,40,15,2,0.9714694894384988,0.9532077213606758,0.9315129139854794,0.3387999242022302,0.5608441076443947
500,40,15,3,0.9714694894384988,0.9532077213606758,0.9315129139854794,0.3387999242022302,0.6560615511477809
500,57,3,1,0.9720844461958225,0.954197740563815,0.940581255450375,0.27202276481004267,0.39102668557863024
500,57,3,2,0.9720844461958225,0.954197740563815,0.940581255450375,0.27202276481004267,0.5614722575428341
500,57,3,3,0.9720844461958225,0.954197740563815,0.940581255450375,0.27202276481004267,0.6569212586817819
500,57,5,1,0.9723220734441005,0.954580511815152,0.9408037285209527,0.27202276481004267,0.39102668557863024
500,57,5,2,0.9723220734441005,0.954580511815152,0.9408037285209527,0.27202276481004267,0.5614722575428341
500,57,5,3,0.9723220734441005,0.954580511815152,0.9408037285209527,0.27202276481004267,0.6569212586817819
500,57,8,1,0.9724557898324263,0.9547959556275647,0.9409289158781775,0.27202276481004267,0.39102668557863024
500,57,8,2,0.9724557898324263,0.9547959556275647,0.9409289158781775,0.27202276481004267,0.5614722575428341
500,57,8,3,0.9724557898324263,0.9547959556275647,0.9409289158781775,0.27202276481004267,0.6569212586817819
500,57,10,1,0.9725003701351509,0.9548677918442339,0.9409706524011202,0.27202276481004267,0.39102668557863024
500,57,10,2,0.9725003701351509,0.9548677918442339,0.9409706524011202,0.27202276481004267,0.5614722575428341
500,57,10,3,0.9725003701351509,0.9548677918442339,0.9409706524011202,0.27202276481004267,0.6569212586817819
500,57,15,1,0.9725598168973358,0.9549635902829524,0.9410263068583035,0.27202276481004267,0.39102668557863024
500,57,15,2,0.9725598168973358,0.9549635902829524,0.9410263068583035,0.27202276481004267,0.5614722575428341
500,57,15,3,0.9725598168973358,0.9549635902829524,0.9410263068583035,0.27202276481004267,0.6569212586817819
1000,5,3,1,0.9528924025724766,0.923674069560739,0.7602185358660257,0.7389443465010028,0.3884328991851489
1000,5,3,2,0.9528924025724766,0.923674069560739,0.7602185358660257,0.7389443465010028,0.5512749061365546
1000,5,3,3,0.9528924025724766,0.923674069560739,0.7602185358660257,0.7389443465010028,0.6408256198368463
1000,5,5,1,0.9555019331204737,0.9277794814045912,0.7618785475718162,0.7389443465010028,0.3884328991851489
1000,5,5,2,0.9555019331204737,0.9277794814045912,0.7618785475718162,0.7389443465010028,0.5512749061365546
1000,5,5,3,0.9555019331204737,0.9277794814045912,0.7618785475718162,0.7389443465010028,0.6408256198368463
1000,5,8,1,0.9569760846668007,0.9301048532848641,0.7628154939321306,0.7389443465010028,0.3884328991851489
1000,5,8,2,0.9569760846668007,0.9301048532848641,0.7628154939321306,0.7389443465010028,0.5512749061365546
1000,5,8,3,0.9569760846668007,0.9301048532848641,0.7628154939321306,0.7389443465010028,0.6408256198368463
1000,5,10,1,0.9574684798471769,0.9308825697555455,0.7631283217031496,0.7389443465010028,0.3884328991851489
1000,5,10,2,0.9574684798471769,0.9308825697555455,0.7631283217031496,0.7389443465010028,0.5512749061365546
1000,5,10,3,0.9574684798471769,0.9308825697555455,0.7631283217031496,0.7389443465010028,0.6408256198368463
1000,5,15,1,0.958125795505614,0.9319215504491128,0.7635458247390723,0.7389443465010028,0.3884328991851489
1000,5,15,2,0.958125795505614,0.9319215504491128,0.7635458247390723,0.7389443465010028,0.5512749061365546
1000,5,15,3,0.958125795505614,0.9319215504491128,0.7635458247390723,0.7389443465010028,0.6408256198368463
1000,10,3,1,0.9698446401633684,0.9505957318896943,0.8569061367179248,0.6850084234045184,0.392511841136167
1000,10,3,2,0.9698446401633684,0.9505957318896943,0.8569061367179248,0.6850084234045184,0.5595270746078036
1000,10,3,3,0.9698446401633684,0.9505957318896943,0.8569061367179248,0.6850084234045184,0.652003738292768
1000,10,5,1,0.9711944273682696,0.9527651584205852,0.8579596914269128,0.6850084234045184,0.392511841136167
1000,10,5,2,0.9711944273682696,0.9527651584205852,0.8579596914269128,0.6850084234045184,0.5595270746078036
1000,10,5,3,0.9711944273682696,0.9527651584205852,0.8579596914269128,0.6850084234045184,0.652003738292768
1000,10,8,1,0.9719553350555662,0.9539898179134277,0.858553455213582,0.6850084234045184,0.392511841136167
1000,10,8,2,0.9719553350555662,0.9539898179134277,0.858553455213582,0.6850084234045184,0.5595270746078036
1000,10,8,3,0.9719553350555662,0.9539898179134277,0.858553455213582,0.6850084234045184,0.652003738292768
1000,10,10,1,0.9722092359774516,0.954398737664431,0.8587515591504236,0.6850084234045184,0.392511841136167
1000,10,10,2,0.9722092359774516,0.954398737664431,0.8587515591504236,0.6850084234045184,0.5595270746078036
1000,10,10,3,0.9722092359774516,0.954398737664431,0.8587515591504236,0.6850084234045184,0.652003738292768
1000,10,15,1,0.9725479769586763,0.9549445096265854,0.8590158399880388,0.6850084234045184,0.392511841136167
1000,10,15,2,0.9725479769586763,0.9549445096265854,0.8590158399880388,0.6850084234045184,0.5595270746078036
1000,10,15,3,0.9725479769586763,0.9549445096265854,0.8590158399880388,0.6850084234045184,0.652003738292768
1000,20,3,1,0.9785489779901947,0.9646537658897112,0.9150990984777679,0.5977484915233097,0.39458360646419033
1000,20,3,2,0.9785489779901947,0.9646537658897112,0.9150990984777679,0.5977484915233097,0.5637465040382161
1000,20,3,3,0.9785489779901947,0.9646537658897112,0.9150990984777679,0.5977484915233097,0.6577403216951423
1000,20,5,1,0.9792355667769044,0.9657695449180501,0.9156995086868894,0.5977484915233097,0.39458360646419033
1000,20,5,2,0.9792355667769044,0.9657695449180501,0.9156995086868894,0.5977484915233097,0.5637465040382161
1000,20,5,3,0.9792355667769044,0.9657695449180501,0.9156995086868894,0.5977484915233097,0.6577403216951423
1000,20,8,1,0.97962219653908,0.9663983056587844,0.9160375857920271,0.5977484915233097,0.39458360646419033
1000,20,8,2,0.97962219653908,0.9663983056587844,0.9160375857920271,0.5977484915233097,0.5637465040382161
1000,20,8,3,0.97962219653908,0.9663983056587844,0.9160375857920271,0.5977484915233097,0.6577403216951423
1000,20,10,1,0.979751140980874,0.9666080745462481,0.9161503336420697,0.5977484915233097,0.39458360646419033
1000,20,10,2,0.979751140980874,0.9666080745462481,0.9161503336420697,0.5977484915233097,0.5637465040382161
1000,20,10,3,0.979751140980874,0.9666080745462481,0.9161503336420697,0.5977484915233097,0.6577403216951423
1000,20,15,1,0.9799231197159677,0.9668879080953423,0.9163007072895295,0.5977484915233097,0.39458360646419033
1000,20,15,2,0.9799231197159677,0.9668879080953423,0.9163007072895295,0.5977484915233097,0.5637465040382161
1000,20,15,3,0.9799231197159677,0.9668879080953423,0.9163007072895295,0.5977484915233097,0.6577403216951423
1000,40,3,1,0.9829600019692295,0.9718398690158201,0.9472636948125832,0.47638077522780425,0.39562771226071153
1000,40,3,2,0.9829600019692295,0.9718398690158201,0.9472636948125832,0.47638077522780425,0.5658801733151196
1000,40,3,3,0.9829600019692295,0.9718398690158201,0.9472636948125832,0.47638077522780425,0.6606466351866643
1000,40,5,1,0.9833062773549205,0.9724057765427944,0.9475852726859749,0.47638077522780425,0.39562771226071153
1000,40,5,2,0.9833062773549205,0.9724057765427944,0.9475852726859749,0.47638077522780425,0.5658801733151196
1000,40,5,3,0.9833062773549205,0.9724057765427944,0.9475852726859749,0.47638077522780425,0.6606466351866643
1000,40,8,1,0.9835011644942385,0.9727243892484387,0.9477662562078625,0.47638077522780425,0.39562771226071153
1000,40,8,2,0.9835011644942385,0.9727243892484387,0.9477662562078625,0.47638077522780425,0.5658801733151196
1000,40,8,3,0.9835011644942385,0.9727243892484387,0.9477662562078625,0.47638077522780425,0.6606466351866643
1000,40,10,1,0.9835661440421701,0.9728306398863874,0.9478265994125129,0.47638077522780425,0.39562771226071153
1000,40,10,2,0.9835661440421701,0.9728306398863874,0.9478265994125129,0.47638077522780425,0.5658801733151196
1000,40,10,3,0.9835661440421701,0.9728306398863874,0.9478265994125129,0.47638077522780425,0.6606466351866643
1000,40,15,1,0.9836527967971304,0.9729723435156958,0.9479070689725659,0.47638077522780425,0.39562771226071153
1000,40,15,2,0.9836527967971304,0.9729723435156958,0.9479070689725659,0.47638077522780425,0.5658801733151196
1000,40,15,3,0.9836527967971304,0.9729723435156958,0.9479070689725659,0.47638077522780425,0.6606466351866643
1000,57,3,1,0.9842832797625145,0.9740038663820032,0.9572990248539273,0.406265373660442,0.3959401828265858
1000,57,3,2,0.9842832797625145,0.9740038663820032,0.9572990248539273,0.406265373660442,0.5665196611607305
1000,57,3,3,0.9842832797625145,0.9740038663820032,0.9572990248539273,0.406265373660442,0.6615184093463508
1000,57,5,1,0.9845269092199644,0.9744026961097675,0.9575294775899822,0.406265373660442,0.3959401828265858
1000,57,5,2,0.9845269092199644,0.9744026961097675,0.9575294775899822,0.406265373660442,0.5665196611607305
1000,57,5,3,0.9845269092199644,0.9744026961097675,0.9575294775899822,0.406265373660442,0.6615184093463508
1000,57,8,1,0.9846640037979134,0.974627181399406,0.9576591560200526,0.406265373660442,0.3959401828265858
1000,57,8,2,0.9846640037979134,0.974627181399406,0.9576591560200526,0.406265373660442,0.5665196611607305
1000,57,8,3,0.9846640037979134,0.974627181399406,0.9576591560200526,0.406265373660442,0.6615184093463508
1000,57,10,1,0.9847097104755389,0.9747020328165944,0.9577023899692635,0.406265373660442,0.3959401828265858
1000,57,10,2,0.9847097104755389,0.9747020328165944,0.9577023899692635,0.406265373660442,0.5665196611607305
1000,57,10,3,0.9847097104755389,0.9747020328165944,0.9577023899692635,0.406265373660442,0.6615184093463508
1000,57,15,1,0.9847706593134323,0.974801852592521,0.9577600413075597,0.406265373660442,0.3959401828265858
1000,57,15,2,0.9847706593134323,0.974801852592521,0.9577600413075597,0.406265373660442,0.5665196611607305
1000,57,15,3,0.9847706593134323,0.974801852592521,0.9577600413075597,0.406265373660442,0.6615184093463508
2500,5,3,1,0.9598893805311314,0.9347135596509856,0.766711697117054,0.7755849685327731,0.39132732331506975
2500,5,3,2,0.9598893805311314,0.9347135596509856,0.766711697117054,0.7755849685327731,0.5541835991557759
2500,5,3,3,0.9598893805311314,0.9347135596509856,0.766711697117054,0.7755849685327731,0.6434428056191617
2500,5,5,1,0.9625374279865002,0.9389179146991206,0.7684002183236733,0.7755849685327731,0.39132732331506975
2500,5,5,2,0.9625374279865002,0.9389179146991206,0.7684002183236733,0.7755849685327731,0.5541835991557759
2500,5,5,3,0.9625374279865002,0.9389179146991206,0.7684002183236733,0.7755849685327731,0.6434428056191617
2500,5,8,1,0.964033385218628,0.9412995277896679,0.76935328386812,0.7755849685327731,0.39132732331506975
2500,5,8,2,0.964033385218628,0.9412995277896679,0.76935328386812,0.7755849685327731,0.5541835991557759
2500,5,8,3,0.964033385218628,0.9412995277896679,0.76935328386812,0.7755849685327731,0.6434428056191617
2500,5,10,1,0.9645330714929735,0.9420960860176331,0.7696714979826648,0.7755849685327731,0.39132732331506975
2500,5,10,2,0.9645330714929735,0.9420960860176331,0.7696714979826648,0.7755849685327731,0.5541835991557759
2500,5,10,3,0.9645330714929735,0.9420960860176331,0.7696714979826648,0.7755849685327731,0.6434428056191617
2500,5,15,1,0.9652001261993816,0.9431602631411595,0.7700961931707967,0.7755849685327731,0.39132732331506975
2500,5,15,2,0.9652001261993816,0.9431602631411595,0.7700961931707967,0.7755849685327731,0.5541835991557759
2500,5,15,3,0.9652001261993816,0.9431602631411595,0.7700961931707967,0.7755849685327731,0.6434428056191617
2500,10,3,1,0.9770937362057959,0.9622921946494671,0.8651649532069245,0.7507670667455535,0.3954676045392792
2500,10,3,2,0.9770937362057959,0.9622921946494671,0.8651649532069245,0.7507670667455535,0.5625237379550155
2500,10,3,3,0.9770937362057959,0.9622921946494671,0.8651649532069245,0.7507670667455535,0.6547132181804284
2500,10,5,1,0.9784637910203148,0.9645153988216337,0.8662389267172099,0.7507670667455535,0.3954676045392792
2500,10,5,2,0.9784637910203148,0.9645153988216337,0.8662389267172099,0.7507670667455535,0.5625237379550155
2500,10,5,3,0.9784637910203148,0.9645153988216337,0.8662389267172099,0.7507670667455535,0.6547132181804284
2500,10,8,1,0.9792361366129282,0.9657704713829781,0.8668442093741945,0.7507670667455535,0.3954676045392792
2500,10,8,2,0.9792361366129282,0.9657704713829781,0.8668442093741945,0.7507670667455535,0.5625237379550155
2500,10,8,3,0.9792361366129282,0.9657704713829781,0.8668442093741945,0.7507670667455535,0.6547132181804284
2500,10,10,1,0.9794938561694231,0.9661895550669032,0.8670461582769831,0.7507670667455535,0.3954676045392792
2500,10,10,2,0.9794938561694231,0.9661895550669032,0.8670461582769831,0.7507670667455535,0.5625237379550155
2500,10,10,3,0.9794938561694231,0.9661895550669032,0.8670461582769831,0.7507670667455535,0.6547132181804284
2500,10,15,1,0.9798376933384471,0.9667488994138289,0.8673155698979997,0.7507670667455535,0.3954676045392792
2500,10,15,2,0.9798376933384471,0.9667488994138289,0.8673155698979997,0.7507670667455535,0.5625237379550155
2500,10,15,3,0.9798376933384471,0.9667488994138289,0.8673155698979997,0.7507670667455535,0.6547132181804284
2500,20,3,1,0.9859292740526043,0.9767009288229305,0.9245238934620984,0.7056095429474263,0.397570773306118
2500,20,3,2,0.9859292740526043,0.9767009288229305,0.9245238934620984,0.7056095429474263,0.5667886567239157
2500,20,3,3,0.9859292740526043,0.9767009288229305,0.9245238934620984,0.7056095429474263,0.6604977902722792
2500,20,5,1,0.9866262621999354,0.9778447674043693,0.9251367389981954,0.7056095429474263,0.397570773306118
2500,20,5,2,0.9866262621999354,0.9778447674043693,0.9251367389981954,0.7056095429474263,0.5667886567239157
2500,20,5,3,0.9866262621999354,0.9778447674043693,0.9251367389981954,0.7056095429474263,0.6604977902722792
2500,20,8,1,0.9870187512645905,0.9784893547456746,0.9254818217933186,0.7056095429474263,0.397570773306118
2500,20,8,2,0.9870187512645905,0.9784893547456746,0.9254818217933186,0.7056095429474263,0.5667886567239157
2500,20,8,3,0.9870187512645905,0.9784893547456746,0.9254818217933186,0.7056095429474263,0.6604977902722792
2500,20,10,1,0.9871496503556941,0.9787044060817248,0.9255969066069917,0.7056095429474263,0.397570773306118
2500,20,10,2,0.9871496503556941,0.9787044060817248,0.9255969066069917,0.7056095429474263,0.5667886567239157
2500,20,10,3,0.9871496503556941,0.9787044060817248,0.9255969066069917,0.7056095429474263,0.6604977902722792
2500,20,15,1,0.9873242364953747,0.9789912882823407,0.9257503975555285,0.7056095429474263,0.397570773306118
2500,20,15,2,0.9873242364953747,0.9789912882823407,0.9257503975555285,0.7056095429474263,0.5667886567239157
2500,20,15,3,0.9873242364953747,0.9789912882823407,0.9257503975555285,0.7056095429474263,0.6604977902722792
2500,40,3,1,0.9904072377877969,0.9840683266916148,0.9573663303852581,0.6298414837187053,0.39863076883152154
2500,40,3,2,0.9904072377877969,0.9840683266916148,0.9573663303852581,0.6298414837187053,0.5689454600794457
2500,40,3,3,0.9904072377877969,0.9840683266916148,0.9573663303852581,0.6298414837187053,0.6634285776219786
2500,40,5,1,0.9907587809860016,0.9846485694602166,0.9576948053277896,0.6298414837187053,0.39863076883152154
2500,40,5,2,0.9907587809860016,0.9846485694602166,0.9576948053277896,0.6298414837187053,0.5689454600794457
2500,40,5,3,0.9907587809860016,0.9846485694602166,0.9576948053277896,0.6298414837187053,0.6634285776219786
2500,40,8,1,0.9909566337264639,0.9849752568196379,0.9578796715553718,0.6298414837187053,0.39863076883152154
2500,40,8,2,0.9909566337264639,0.9849752568196379,0.9578796715553718,0.6298414837187053,0.5689454600794457
2500,40,8,3,0.9909566337264639,0.9849752568196379,0.9578796715553718,0.6298414837187053,0.6634285776219786
2500,40,10,1,0.9910226022014915,0.9850842007841287,0.9579413094923379,0.6298414837187053,0.39863076883152154
2500,40,10,2,0.9910226022014915,0.9850842007841287,0.9579413094923379,0.6298414837187053,0.5689454600794457
2500,40,10,3,0.9910226022014915,0.9850842007841287,0.9579413094923379,0.6298414837187053,0.6634285776219786
2500,40,15,1,0.9911105738320207,0.9852294968973488,0.9580235057489421,0.6298414837187053,0.39863076883152154
2500,40,15,2,0.9911105738320207,0.9852294968973488,0.9580235057489421,0.6298414837187053,0.5689454600794457
2500,40,15,3,0.9911105738320207,0.9852294968973488,0.9580235057489421,0.6298414837187053,0.6634285776219786
2500,57,3,1,0.9917506564363436,0.9862871870964008,0.967618015215703,0.5771623487203353,0.39894800298882704
2500,57,3,2,0.9917506564363436,0.9862871870964008,0.967618015215703,0.5771623487203353,0.5695918986628473
2500,57,3,3,0.9917506564363436,0.9862871870964008,0.967618015215703,0.5771623487203353,0.664307714099996
2500,57,5,1,0.991997997025757,0.98669614177918,0.9678534635669476,0.5771623487203353,0.39894800298882704
2500,57,5,2,0.991997997025757,0.98669614177918,0.9678534635669476,0.5771623487203353,0.5695918986628473
2500,57,5,3,0.991997997025757,0.98669614177918,0.9678534635669476,0.5771623487203353,0.664307714099996
2500,57,8,1,0.992137180331329,0.9869263278584444,0.9679859536249448,0.5771623487203353,0.39894800298882704
2500,57,8,2,0.992137180331329,0.9869263278584444,0.9679859536249448,0.5771623487203353,0.5695918986628473
2500,57,8,3,0.992137180331329,0.9869263278584444,0.9679859536249448,0.5771623487203353,0.664307714099996
2500,57,10,1,0.9921835834461514,0.9870030804200771,0.9680301250387097,0.5771623487203353,0.39894800298882704
2500,57,10,2,0.9921835834461514,0.9870030804200771,0.9680301250387097,0.5771623487203353,0.5695918986628473
2500,57,10,3,0.9921835834461514,0.9870030804200771,0.9680301250387097,0.5771623487203353,0.664307714099996
2500,57,15,1,0.992245461018423,0.9871054357410447,0.968089026528333,0.5771623487203353,0.39894800298882704
2500,57,15,2,0.992245461018423,0.9871054357410447,0.968089026528333,0.5771623487203353,0.5695918986628473
2500,57,15,3,0.992245461018423,0.9871054357410447,0.968089026528333,0.5771623487203353,0.664307714099996
5000,5,3,1,0.9622445972094373,0.9384522646107943,0.7689008031285561,0.7886195591761499,0.3923017409709534
5000,5,3,2,0.9622445972094373,0.9384522646107943,0.7689008031285561,0.7886195591761499,0.5551599964657783
5000,5,3,3,0.9622445972094373,0.9384522646107943,0.7689008031285561,0.7886195591761499,0.6443199579369295
5000,5,5,1,0.9649056732948398,0.9426903966703789,0.7705989908691484,0.7886195591761499,0.3923017409709534
5000,5,5,2,0.9649056732948398,0.9426903966703789,0.7705989908691484,0.7886195591761499,0.5551599964657783
5000,5,5,3,0.9649056732948398,0.9426903966703789,0.7705989908691484,0.7886195591761499,0.6443199579369295
5000,5,8,1,0.9664090066946204,0.9450912108619525,0.7715575220019397,0.7886195591761499,0.3923017409709534
5000,5,8,2,0.9664090066946204,0.9450912108619525,0.7715575220019397,0.7886195591761499,0.5551599964657783
5000,5,8,3,0.9664090066946204,0.9450912108619525,0.7715575220019397,0.7886195591761499,0.6443199579369295
5000,5,10,1,0.9669111593508171,0.9458942020426598,0.771877562508582,0.7886195591761499,0.3923017409709534
5000,5,10,2,0.9669111593508171,0.9458942020426598,0.771877562508582,0.7886195591761499,0.5551599964657783
5000,5,10,3,0.9669111593508171,0.9458942020426598,0.771877562508582,0.7886195591761499,0.6443199579369295
5000,5,15,1,0.9675815085456018,0.9469669819340601,0.7723046964193637,0.7886195591761499,0.3923017409709534
5000,5,15,2,0.9675815085456018,0.9469669819340601,0.7723046964193637,0.7886195591761499,0.5551599964657783
5000,5,15,3,0.9675815085456018,0.9469669819340601,0.7723046964193637,0.7886195591761499,0.6443199579369295
5000,10,3,1,0.9795342431734598,0.9662552422691492,0.8679533829635988,0.7755849685327731,0.39646277635511934
5000,10,3,2,0.9795342431734598,0.9662552422691492,0.8679533829635988,0.7755849685327731,0.5635297714953266
5000,10,3,3,0.9795342431734598,0.9662552422691492,0.8679533829635988,0.7755849685327731,0.6556213893375352
5000,10,5,1,0.9809111553852325,0.9684968173031926,0.8690342947956272,0.7755849685327731,0.39646277635511934
5000,10,5,2,0.9809111553852325,0.9684968173031926,0.8690342947956272,0.7755849685327731,0.5635297714953266
5000,10,5,3,0.9809111553852325,0.9684968173031926,0.8690342947956272,0.7755849685327731,0.6556213893375352
5000,10,8,1,0.9816873709723786,0.9697622796636809,0.8696434916447858,0.7755849685327731,0.39646277635511934
5000,10,8,2,0.9816873709723786,0.9697622796636809,0.8696434916447858,0.7755849685327731,0.5635297714953266
5000,10,8,3,0.9816873709723786,0.9697622796636809,0.8696434916447858,0.7755849685327731,0.6556213893375352
5000,10,10,1,0.9819463825670938,0.970184835652956,0.869846747105382,0.7755849685327731,0.39646277635511934
5000,10,10,2,0.9819463825670938,0.970184835652956,0.869846747105382,0.7755849685327731,0.5635297714953266
5000,10,10,3,0.9819463825670938,0.970184835652956,0.869846747105382,0.7755849685327731,0.6556213893375352
5000,10,15,1,0.9822919440434191,0.9707488167924152,0.870117902226899,0.7755849685327731,0.39646277635511934
5000,10,15,2,0.9822919440434191,0.9707488167924152,0.870117902226899,0.7755849685327731,0.5635297714953266
5000,10,15,3,0.9822919440434191,0.9707488167924152,0.870117902226899,0.7755849685327731,0.6556213893375352
5000,20,3,1,0.9884141741108526,0.9807837969017306,0.9277087817025284,0.7507670667455535,0.398576571739
5000,20,3,2,0.9884141741108526,0.9807837969017306,0.9277087817025284,0.7507670667455535,0.5678100169485637
5000,20,3,3,0.9884141741108526,0.9807837969017306,0.9277087817025284,0.7507670667455535,0.661422091537018
5000,20,5,1,0.9891146812605659,0.9819372242133348,0.9283258582982828,0.7507670667455535,0.398576571739
5000,20,5,2,0.9891146812605659,0.9819372242133348,0.9283258582982828,0.7507670667455535,0.5678100169485637
5000,20,5,3,0.9891146812605659,0.9819372242133348,0.9283258582982828,0.7507670667455535,0.661422091537018
5000,20,8,1,0.9895091530500221,0.9825872200669794,0.9286733247706608,0.7507670667455535,0.398576571739
5000,20,8,2,0.9895091530500221,0.9825872200669794,0.9286733247706608,0.7507670667455535,0.5678100169485637
5000,20,8,3,0.9895091530500221,0.9825872200669794,0.9286733247706608,0.7507670667455535,0.661422091537018
5000,20,10,1,0.9896407135760155,0.9828040766232501,0.9287892047373298,0.7507670667455535,0.398576571739
5000,20,10,2,0.9896407135760155,0.9828040766232501,0.9287892047373298,0.7507670667455535,0.5678100169485637
5000,20,10,3,0.9896407135760155,0.9828040766232501,0.9287892047373298,0.7507670667455535,0.661422091537018
5000,20,15,1,0.9898161820388646,0.9830933676403321,0.9289437563522013,0.7507670667455535,0.398576571739
5000,20,15,2,0.9898161820388646,0.9830933676403321,0.9289437563522013,0.7507670667455535,0.5678100169485637
5000,20,15,3,0.9898161820388646,0.9830933676403321,0.9289437563522013,0.7507670667455535,0.661422091537018
5000,40,3,1,0.9929147900022229,0.9882131531192514,0.9607819332384984,0.7056095429474263,0.3996419445153398
5000,40,3,2,0.9929147900022229,0.9882131531192514,0.9607819332384984,0.7056095429474263,0.569974615323932
5000,40,3,3,0.9929147900022229,0.9882131531192514,0.9607819332384984,0.7056095429474263,0.6643611055693553
5000,40,5,1,0.9932681158733626,0.9887982955180521,0.9611127565718983,0.7056095429474263,0.3996419445153398
5000,40,5,2,0.9932681158733626,0.9887982955180521,0.9611127565718983,0.7056095429474263,0.569974615323932
5000,40,5,3,0.9932681158733626,0.9887982955180521,0.9611127565718983,0.7056095429474263,0.6643611055693553
5000,40,8,1,0.9934669722028804,0.9891277427383022,0.9612989448338296,0.7056095429474263,0.3996419445153398
5000,40,8,2,0.9934669722028804,0.9891277427383022,0.9612989448338296,0.7056095429474263,0.569974615323932
5000,40,8,3,0.9934669722028804,0.9891277427383022,0.9612989448338296,0.7056095429474263,0.6643611055693553
5000,40,10,1,0.9935332753413887,0.9892376072682604,0.9613610236193665,0.7056095429474263,0.3996419445153398
5000,40,10,2,0.9935332753413887,0.9892376072682604,0.9613610236193665,0.7056095429474263,0.569974615323932
5000,40,10,3,0.9935332753413887,0.9892376072682604,0.9613610236193665,0.7056095429474263,0.6643611055693553
5000,40,15,1,0.9936216932940048,0.9893841312783679,0.9614438078067017,0.7056095429474263,0.3996419445153398
5000,40,15,2,0.9936216932940048,0.9893841312783679,0.9614438078067017,0.7056095429474263,0.569974615323932
5000,40,15,3,0.9936216932940048,0.9893841312783679,0.9614438078067017,0.7056095429474263,0.6643611055693553
5000,57,3,1,0.9942650245403607,0.9904507655052192,0.9711072930474078,0.6712890591949747,0.39996079076397156
5000,57,3,2,0.9942650245403607,0.9904507655052192,0.9711072930474078,0.6712890591949747,0.5706233960182615
5000,57,3,3,0.9942650245403607,0.9904507655052192,0.9711072930474078,0.6712890591949747,0.6652427168886961
5000,57,5,1,0.9945136210333269,0.990863180974839,0.971344442744926,0.6712890591949747,0.39996079076397156
5000,57,5,2,0.9945136210333269,0.990863180974839,0.971344442744926,0.6712890591949747,0.5706233960182615
5000,57,5,3,0.9945136210333269,0.990863180974839,0.971344442744926,0.6712890591949747,0.6652427168886961
5000,57,8,1,0.994653511198202,0.9910953156432439,0.9714778903570901,0.6712890591949747,0.39996079076397156
5000,57,8,2,0.994653511198202,0.9910953156432439,0.9714778903570901,0.6712890591949747,0.5706233960182615
5000,57,8,3,0.994653511198202,0.9910953156432439,0.9714778903570901,0.6712890591949747,0.6652427168886961
5000,57,10,1,0.9947001499989993,0.9911727180383312,0.9715223810431292,0.6712890591949747,0.39996079076397156
5000,57,10,2,0.9947001499989993,0.9911727180383312,0.9715223810431292,0.6712890591949747,0.5706233960182615
5000,57,10,3,0.9947001499989993,0.9911727180383312,0.9715223810431292,0.6712890591949747,0.6652427168886961
5000,57,15,1,0.9947623418707494,0.9912759400402793,0.971581708297236,0.6712890591949747,0.39996079076397156
5000,57,15,2,0.9947623418707494,0.9912759400402793,0.971581708297236,0.6712890591949747,0.5706233960182615
5000,57,15,3,0.9947623418707494,0.9912759400402793,0.971581708297236,0.6712890591949747,0.6652427168886961
10000,5,3,1,0.9634265450010951,0.9403328552331471,0.7700000505679085,0.795302542667253,0.39279077181587785
10000,5,3,2,0.9634265450010951,0.9403328552331471,0.7700000505679085,0.795302542667253,0.5556494864693795
10000,5,3,3,0.9634265450010951,0.9403328552331471,0.7700000505679085,0.795302542667253,0.6447594315193683
10000,5,5,1,0.9660941714885297,0.9445880286425318,0.7717031027336989,0.795302542667253,0.39279077181587785
10000,5,5,2,0.9660941714885297,0.9445880286425318,0.7717031027336989,0.795302542667253,0.5556494864693795
10000,5,5,3,0.9660941714885297,0.9445880286425318,0.7717031027336989,0.795302542667253,0.6447594315193683
10000,5,8,1,0.9676012134470555,0.9469985305789326,0.7726643843084043,0.795302542667253,0.39279077181587785
10000,5,8,2,0.9676012134470555,0.9469985305789326,0.7726643843084043,0.795302542667253,0.5556494864693795
10000,5,8,3,0.9676012134470555,0.9469985305789326,0.7726643843084043,0.795302542667253,0.6447594315193683
10000,5,10,1,0.968104606147534,0.9478047674984881,0.7729853439132011,0.795302542667253,0.39279077181587785
10000,5,10,2,0.968104606147534,0.9478047674984881,0.7729853439132011,0.795302542667253,0.5556494864693795
10000,5,10,3,0.968104606147534,0.9478047674984881,0.7729853439132011,0.795302542667253,0.6447594315193683
10000,5,15,1,0.9687766117464938,0.9488818879453964,0.7734137050700236,0.795302542667253,0.39279077181587785
10000,5,15,2,0.9687766117464938,0.9488818879453964,0.7734137050700236,0.795302542667253,0.5556494864693795
10000,5,15,3,0.9687766117464938,0.9488818879453964,0.7734137050700236,0.795302542667253,0.6447594315193683
10000,10,3,1,0.9807590741519912,0.9682490322238791,0.8693543490608905,0.7886195591761499,0.39696224284934284
10000,10,3,2,0.9807590741519912,0.9682490322238791,0.8693543490608905,0.7886195591761499,0.5640341388875937
10000,10,3,3,0.9807590741519912,0.9682490322238791,0.8693543490608905,0.7886195591761499,0.656076420384187
10000,10,5,1,0.9821394343850041,0.9704998781958024,0.8704387552947583,0.7886195591761499,0.39696224284934284
10000,10,5,2,0.9821394343850041,0.9704998781958024,0.8704387552947583,0.7886195591761499,0.5640341388875937
10000,10,5,3,0.9821394343850041,0.9704998781958024,0.8704387552947583,0.7886195591761499,0.656076420384187
10000,10,8,1,0.982917595886197,0.9717705839029961,0.871049923493362,0.7886195591761499,0.39696224284934284
10000,10,8,2,0.982917595886197,0.9717705839029961,0.871049923493362,0.7886195591761499,0.5640341388875937
10000,10,8,3,0.982917595886197,0.9717705839029961,0.871049923493362,0.7886195591761499,0.656076420384187
10000,10,10,1,0.9831772571466298,0.9721948922502859,0.8712538369928633,0.7886195591761499,0.39696224284934284
10000,10,10,2,0.9831772571466298,0.9721948922502859,0.8712538369928633,0.7886195591761499,0.5640341388875937
10000,10,10,3,0.9831772571466298,0.9721948922502859,0.8712538369928633,0.7886195591761499,0.656076420384187
10000,10,15,1,0.9835236856447379,0.9727612134370875,0.8715258702182218,0.7886195591761499,0.39696224284934284
10000,10,15,2,0.9835236856447379,0.9727612134370875,0.8715258702182218,0.7886195591761499,0.5640341388875937
10000,10,15,3,0.9835236856447379,0.9727612134370875,0.8715258702182218,0.7886195591761499,0.656076420384187
10000,20,3,1,0.9896613272050648,0.9828380583530408,0.9293094687261935,0.7755849685327731,0.39908138176947366
10000,20,3,2,0.9896613272050648,0.9828380583530408,0.9293094687261935,0.7755849685327731,0.5683220786836308
10000,20,3,3,0.9896613272050648,0.9828380583530408,0.9293094687261935,0.7755849685327731,0.6618852129497248
10000,20,5,1,0.9903636038583188,0.9839963253077714,0.9299286773019362,0.7755849685327731,0.39908138176947366
10000,20,5,2,0.9903636038583188,0.9839963253077714,0.9299286773019362,0.7755849685327731,0.5683220786836308
10000,20,5,3,0.9903636038583188,0.9839963253077714,0.9299286773019362,0.7755849685327731,0.6618852129497248
10000,20,8,1,0.990759072648964,0.9846490509801611,0.9302773448853957,0.7755849685327731,0.39908138176947366
10000,20,8,2,0.990759072648964,0.9846490509801611,0.9302773448853957,0.7755849685327731,0.5683220786836308
10000,20,8,3,0.990759072648964,0.9846490509801611,0.9302773448853957,0.7755849685327731,0.6618852129497248
10000,20,10,1,0.9908909657739972,0.9848668186824396,0.930393625522465,0.7755849685327731,0.39908138176947366
10000,20,10,2,0.9908909657739972,0.9848668186824396,0.930393625522465,0.7755849685327731,0.5683220786836308
10000,20,10,3,0.9908909657739972,0.9848668186824396,0.930393625522465,0.7755849685327731,0.6618852129497248
10000,20,15,1,0.9910668779087805,0.9851573255006725,0.9305487115981083,0.7755849685327731,0.39908138176947366
10000,20,15,2,0.9910668779087805,0.9851573255006725,0.9305487115981083,0.7755849685327731,0.5683220786836308
10000,20,15,3,0.9910668779087805,0.9851573255006725,0.9305487115981083,0.7755849685327731,0.6618852129497248
10000,40,3,1,0.9941733336847047,0.9902986872528305,0.9624988904010569,0.7507670667455535,0.40014945852829836
10000,40,3,2,0.9941733336847047,0.9902986872528305,0.9624988904010569,0.7507670667455535,0.5704905904254685
10000,40,3,3,0.9941733336847047,0.9902986872528305,0.9624988904010569,0.7507670667455535,0.664828353318842
10000,40,5,1,0.9945275559815708,0.9908863027718576,0.9628308973852746,0.7507670667455535,0.40014945852829836
10000,40,5,2,0.9945275559815708,0.9908863027718576,0.9628308973852746,0.7507670667455535,0.5704905904254685
10000,40,5,3,0.9945275559815708,0.9908863027718576,0.9628308973852746,0.7507670667455535,0.664828353318842
10000,40,8,1,0.9947269169715078,0.9912171430559144,0.9630177519887559,0.7507670667455535,0.40014945852829836
10000,40,8,2,0.9947269169715078,0.9912171430559144,0.9630177519887559,0.7507670667455535,0.5704905904254685
10000,40,8,3,0.9947269169715078,0.9912171430559144,0.9630177519887559,0.7507670667455535,0.664828353318842
10000,40,10,1,0.9947933883975636,0.9913274722502916,0.9630800529742866,0.7507670667455535,0.40014945852829836
10000,40,10,2,0.9947933883975636,0.9913274722502916,0.9630800529742866,0.7507670667455535,0.5704905904254685
10000,40,10,3,0.9947933883975636,0.9913274722502916,0.9630800529742866,0.7507670667455535,0.664828353318842
10000,40,15,1,0.9948820307860294,0.991474616054117,0.9631631334953115,0.7507670667455535,0.40014945852829836
10000,40,15,2,0.9948820307860294,0.991474616054117,0.9631631334953115,0.7507670667455535,0.5704905904254685
10000,40,15,3,0.9948820307860294,0.991474616054117,0.9631631334953115,0.7507670667455535,0.664828353318842
10000,57,3,1,0.9955269956357512,0.9925457648981749,0.9728613858886548,0.7308875791850555,0.40046911543460106
10000,57,3,2,0.9955269956357512,0.9925457648981749,0.9728613858886548,0.7308875791850555,0.5711405469513534
10000,57,3,3,0.9955269956357512,0.9925457648981749,0.9728613858886548,0.7308875791850555,0.6657112059795559
10000,57,5,1,0.995776223670602,0.9929599272584232,0.9730993931829737,0.7308875791850555,0.40046911543460106
10000,57,5,2,0.995776223670602,0.9929599272584232,0.9730993931829737,0.7308875791850555,0.5711405469513534
10000,57,5,3,0.995776223670602,0.9929599272584232,0.9730993931829737,0.7308875791850555,0.6657112059795559
10000,57,8,1,0.9959164692861424,0.9931930455131507,0.9732333234697531,0.7308875791850555,0.40046911543460106
10000,57,8,2,0.9959164692861424,0.9931930455131507,0.9732333234697531,0.7308875791850555,0.5711405469513534
10000,57,8,3,0.9959164692861424,0.9931930455131507,0.9732333234697531,0.7308875791850555,0.6657112059795559
10000,57,10,1,0.9959632266038511,0.99327077592415,0.9732779750915824,0.7308875791850555,0.40046911543460106
10000,57,10,2,0.9959632266038511,0.99327077592415,0.9732779750915824,0.7308875791850555,0.5711405469513534
10000,57,10,3,0.9959632266038511,0.99327077592415,0.9732779750915824,0.7308875791850555,0.6657112059795559
10000,57,15,1,0.9960255765241021,0.99337443540034,0.973337516961172,0.7308875791850555,0.40046911543460106
10000,57,15,2,0.9960255765241021,0.99337443540034,0.973337516961172,0.7308875791850555,0.5711405469513534
10000,57,15,3,0.9960255765241021,0.99337443540034,0.973337516961172,0.7308875791850555,0.6657112059795559
15000,5,3,1,0.9638211731134685,0.9409613948125558,0.7703671651684861,0.7975554455674104,0.3929540531480414
15000,5,3,2,0.9638211731134685,0.9409613948125558,0.7703671651684861,0.7975554455674104,0.5558128416772512
15000,5,3,3,0.9638211731134685,0.9409613948125558,0.7703671651684861,0.7975554455674104,0.644906055967497
15000,5,5,1,0.9664909884437252,0.9452222715178734,0.7720718434547678,0.7975554455674104,0.3929540531480414
15000,5,5,2,0.9664909884437252,0.9452222715178734,0.7720718434547678,0.7975554455674104,0.5558128416772512
15000,5,5,3,0.9664909884437252,0.9452222715178734,0.7720718434547678,0.7975554455674104,0.644906055967497
15000,5,8,1,0.9679992696384544,0.9476360157361186,0.7730340444746021,0.7975554455674104,0.3929540531480414
15000,5,8,2,0.9679992696384544,0.9476360157361186,0.7730340444746021,0.7975554455674104,0.5558128416772512
15000,5,8,3,0.9679992696384544,0.9476360157361186,0.7730340444746021,0.7975554455674104,0.644906055967497
15000,5,10,1,0.9685030767079124,0.948443338942765,0.7733553113254182,0.7975554455674104,0.3929540531480414
15000,5,10,2,0.9685030767079124,0.948443338942765,0.7733553113254182,0.7975554455674104,0.5558128416772512
15000,5,10,3,0.9685030767079124,0.948443338942765,0.7733553113254182,0.7975554455674104,0.644906055967497
15000,5,15,1,0.9691756358060857,0.9495219120969094,0.7737840827398216,0.7975554455674104,0.3929540531480414
15000,5,15,2,0.9691756358060857,0.9495219120969094,0.7737840827398216,0.7975554455674104,0.5558128416772512
15000,5,15,3,0.9691756358060857,0.9495219120969094,0.7737840827398216,0.7975554455674104,0.644906055967497
15000,10,3,1,0.981168032119944,0.9689154585895745,0.869822343324785,0.7930623317363337,0.3971290114565835
15000,10,3,2,0.981168032119944,0.9689154585895745,0.869822343324785,0.7930623317363337,0.5642024620409769
15000,10,3,3,0.981168032119944,0.9689154585895745,0.869822343324785,0.7930623317363337,0.6562282377932088
15000,10,5,1,0.9825495445719146,0.9711694076583072,0.8709079181255439,0.7930623317363337,0.3971290114565835
15000,10,5,2,0.9825495445719146,0.9711694076583072,0.8709079181255439,0.7930623317363337,0.5642024620409769
15000,10,5,3,0.9825495445719146,0.9711694076583072,0.8709079181255439,0.7930623317363337,0.6562282377932088
15000,10,8,1,0.9833283563374364,0.972441868391209,0.8715197455674285,0.7930623317363337,0.3971290114565835
15000,10,8,2,0.9833283563374364,0.972441868391209,0.8715197455674285,0.7930623317363337,0.5642024620409769
15000,10,8,3,0.9833283563374364,0.972441868391209,0.8715197455674285,0.7930623317363337,0.6562282377932088
15000,10,10,1,0.983588234696359,0.9728667632807648,0.8717238791234925,0.7930623317363337,0.3971290114565835
15000,10,10,2,0.983588234696359,0.9728667632807648,0.8717238791234925,0.7930623317363337,0.5642024620409769
15000,10,10,3,0.983588234696359,0.9728667632807648,0.8717238791234925,0.7930623317363337,0.6562282377932088
15000,10,15,1,0.9839349529269551,0.973433867720504,0.8719962059981807,0.7930623317363337,0.3971290114565835
15000,10,15,2,0.9839349529269551,0.973433867720504,0.8719962059981807,0.7930623317363337,0.5642024620409769
15000,10,15,3,0.9839349529269551,0.973433867720504,0.8719962059981807,0.7930623317363337,0.6562282377932088
15000,20,3,1,0.9900777445852184,0.9835247258044583,0.9298442592657794,0.7842262865575094,0.39924993605881137
15000,20,3,2,0.9900777445852184,0.9835247258044583,0.9298442592657794,0.7842262865575094,0.5684929712289845
15000,20,3,3,0.9900777445852184,0.9835247258044583,0.9298442592657794,0.7842262865575094,0.6620397309090178
15000,20,5,1,0.9907806125631363,0.9846846127440009,0.930464180957298,0.7842262865575094,0.39924993605881137
15000,20,5,2,0.9907806125631363,0.9846846127440009,0.930464180957298,0.7842262865575094,0.5684929712289845
15000,20,5,3,0.9907806125631363,0.9846846127440009,0.930464180957298,0.7842262865575094,0.6620397309090178
15000,20,8,1,0.9911764145275807,0.9853382521783823,0.9308132502953718,0.7842262865575094,0.39924993605881137
15000,20,8,2,0.9911764145275807,0.9853382521783823,0.9308132502953718,0.7842262865575094,0.5684929712289845
15000,20,8,3,0.9911764145275807,0.9853382521783823,0.9308132502953718,0.7842262865575094,0.6620397309090178
15000,20,10,1,0.9913084187992819,0.9855563248723881,0.9309296649511205,0.7842262865575094,0.39924993605881137
15000,20,10,2,0.9913084187992819,0.9855563248723881,0.9309296649511205,0.7842262865575094,0.5684929712289845
15000,20,10,3,0.9913084187992819,0.9855563248723881,0.9309296649511205,0.7842262865575094,0.6620397309090178
15000,20,15,1,0.9914844791987039,0.9858472386612823,0.9310849297965527,0.7842262865575094,0.39924993605881137
15000,20,15,2,0.9914844791987039,0.9858472386612823,0.9310849297965527,0.7842262865575094,0.5684929712289845
15000,20,15,3,0.9914844791987039,0.9858472386612823,0.9310849297965527,0.7842262865575094,0.6620397309090178
15000,40,3,1,0.9945935575384469,0.9909958228212737,0.963072573945225,0.767132010775938,0.4003189164330807
15000,40,3,2,0.9945935575384469,0.9909958228212737,0.963072573945225,0.767132010775938,0.5706627897848703
15000,40,3,3,0.9945935575384469,0.9909958228212737,0.963072573945225,0.767132010775938,0.6649842486549896
15000,40,5,1,0.994948079402105,0.991584266198766,0.9634049768916554,0.767132010775938,0.4003189164330807
15000,40,5,2,0.994948079402105,0.991584266198766,0.9634049768916554,0.767132010775938,0.5706627897848703
15000,40,5,3,0.994948079402105,0.991584266198766,0.9634049768916554,0.767132010775938,0.6649842486549896
15000,40,8,1,0.9951476090391534,0.9919155728014052,0.9635920544040594,0.767132010775938,0.4003189164330807
15000,40,8,2,0.9951476090391534,0.9919155728014052,0.9635920544040594,0.767132010775938,0.5706627897848703
15000,40,8,3,0.9951476090391534,0.9919155728014052,0.9635920544040594,0.767132010775938,0.6649842486549896
15000,40,10,1,0.9952141367034584,0.992026057539165,0.9636544297214158,0.767132010775938,0.4003189164330807
15000,40,10,2,0.9952141367034584,0.992026057539165,0.9636544297214158,0.767132010775938,0.5706627897848703
15000,40,10,3,0.9952141367034584,0.992026057539165,0.9636544297214158,0.767132010775938,0.6649842486549896
15000,40,15,1,0.9953028540937999,0.9921734088150073,0.9637376093739922,0.767132010775938,0.4003189164330807
15000,40,15,2,0.9953028540937999,0.9921734088150073,0.9637376093739922,0.767132010775938,0.5706627897848703
15000,40,15,3,0.9953028540937999,0.9921734088150073,0.9637376093739922,0.767132010775938,0.6649842486549896
15000,57,3,1,0.9959483648609023,0.993246068902465,0.9734474925218377,0.7531771542796959,0.40063884424572904
15000,57,3,2,0.9959483648609023,0.993246068902465,0.9734474925218377,0.7531771542796959,0.5713131389650266
15000,57,3,3,0.9959483648609023,0.993246068902465,0.9734474925218377,0.7531771542796959,0.6658675156788249
15000,57,5,1,0.9961978039445861,0.9936608160266375,0.9736857867157315,0.7531771542796959,0.40063884424572904
15000,57,5,2,0.9961978039445861,0.9936608160266375,0.9736857867157315,0.7531771542796959,0.5713131389650266
15000,57,5,3,0.9961978039445861,0.9936608160266375,0.9736857867157315,0.7531771542796959,0.6658675156788249
15000,57,8,1,0.9963381683447822,0.9938942635329968,0.9738198784761047,0.7531771542796959,0.40063884424572904
15000,57,8,2,0.9963381683447822,0.9938942635329968,0.9738198784761047,0.7531771542796959,0.5713131389650266
15000,57,8,3,0.9963381683447822,0.9938942635329968,0.9738198784761047,0.7531771542796959,0.6658675156788249
15000,57,10,1,0.9963849652685324,0.9939721037460982,0.973864583937287,0.7531771542796959,0.40063884424572904
15000,57,10,2,0.9963849652685324,0.9939721037460982,0.973864583937287,0.7531771542796959,0.5713131389650266
15000,57,10,3,0.9963849652685324,0.9939721037460982,0.973864583937287,0.7531771542796959,0.6658675156788249
15000,57,15,1,0.9964473680055191,0.994075909665214,0.9739241976042122,0.7531771542796959,0.40063884424572904
15000,57,15,2,0.9964473680055191,0.994075909665214,0.9739241976042122,0.7531771542796959,0.5713131389650266
15000,57,15,3,0.9964473680055191,0.994075909665214,0.9739241976042122,0.7531771542796959,0.6658675156788249
