control,flaw_class,severity,seed,method,positive_count,AUPRC,AUROC,precision_at_k,interpretation
TRUE_FLAW_ABLATION,AMBIGUITY,0.4,8101,WITHOUT_DIFFICULTY_CORRECTION,36,0.11444104221070384,0.3598856209150327,0.09722222222222222,EXPLORATORY_DEVELOPMENT_NOT_CONFIRMATORY_EVIDENCE
TRUE_FLAW_ABLATION,AMBIGUITY,0.4,8101,WITHOUT_DUPLICATE,36,0.1412036074166702,0.4426742919389978,0.09722222222222222,EXPLORATORY_DEVELOPMENT_NOT_CONFIRMATORY_EVIDENCE
TRUE_FLAW_ABLATION,AMBIGUITY,0.4,8101,WITHOUT_FAMILY_BALANCING,36,0.1412036074166702,0.4426742919389978,0.09722222222222222,EXPLORATORY_DEVELOPMENT_NOT_CONFIRMATORY_EVIDENCE
TRUE_FLAW_ABLATION,AMBIGUITY,0.4,8101,WITHOUT_MISSINGNESS,36,0.1412036074166702,0.4426742919389978,0.09722222222222222,EXPLORATORY_DEVELOPMENT_NOT_CONFIRMATORY_EVIDENCE
TRUE_FLAW_ABLATION,AMBIGUITY,0.4,8101,WITHOUT_NEGATIVE_DISCRIMINATION,36,0.14155945223661404,0.42224945533769065,0.09722222222222222,EXPLORATORY_DEVELOPMENT_NOT_CONFIRMATORY_EVIDENCE
TRUE_FLAW_ABLATION,AMBIGUITY,0.4,8101,WITHOUT_SUBJECT_RESIDUAL,36,0.21325705548264307,0.5659041394335512,0.19444444444444445,EXPLORATORY_DEVELOPMENT_NOT_CONFIRMATORY_EVIDENCE
TRUE_FLAW_ABLATION,AMBIGUITY,0.4,8102,WITHOUT_DIFFICULTY_CORRECTION,36,0.1081493876355213,0.3340822440087146,0.0,EXPLORATORY_DEVELOPMENT_NOT_CONFIRMATORY_EVIDENCE
TRUE_FLAW_ABLATION,AMBIGUITY,0.4,8102,WITHOUT_DUPLICATE,36,0.14304902067247957,0.3950844226579521,0.1388888888888889,EXPLORATORY_DEVELOPMENT_NOT_CONFIRMATORY_EVIDENCE
TRUE_FLAW_ABLATION,AMBIGUITY,0.4,8102,WITHOUT_FAMILY_BALANCING,36,0.14304902067247957,0.3950844226579521,0.1388888888888889,EXPLORATORY_DEVELOPMENT_NOT_CONFIRMATORY_EVIDENCE
TRUE_FLAW_ABLATION,AMBIGUITY,0.4,8102,WITHOUT_MISSINGNESS,36,0.14304902067247957,0.3950844226579521,0.1388888888888889,EXPLORATORY_DEVELOPMENT_NOT_CONFIRMATORY_EVIDENCE
TRUE_FLAW_ABLATION,AMBIGUITY,0.4,8102,WITHOUT_NEGATIVE_DISCRIMINATION,36,0.1436322674065991,0.38201252723311546,0.1388888888888889,EXPLORATORY_DEVELOPMENT_NOT_CONFIRMATORY_EVIDENCE
TRUE_FLAW_ABLATION,AMBIGUITY,0.4,8102,WITHOUT_SUBJECT_RESIDUAL,36,0.14656671424535736,0.4548611111111111,0.1111111111111111,EXPLORATORY_DEVELOPMENT_NOT_CONFIRMATORY_EVIDENCE
TRUE_FLAW_ABLATION,AMBIGUITY,0.4,8103,WITHOUT_DIFFICULTY_CORRECTION,36,0.10626234503198465,0.31998910675381265,0.027777777777777776,EXPLORATORY_DEVELOPMENT_NOT_CONFIRMATORY_EVIDENCE
TRUE_FLAW_ABLATION,AMBIGUITY,0.4,8103,WITHOUT_DUPLICATE,36,0.13789984648652373,0.42163671023965144,0.1111111111111111,EXPLORATORY_DEVELOPMENT_NOT_CONFIRMATORY_EVIDENCE
TRUE_FLAW_ABLATION,AMBIGUITY,0.4,8103,WITHOUT_FAMILY_BALANCING,36,0.13789984648652373,0.42163671023965144,0.1111111111111111,EXPLORATORY_DEVELOPMENT_NOT_CONFIRMATORY_EVIDENCE
TRUE_FLAW_ABLATION,AMBIGUITY,0.4,8103,WITHOUT_MISSINGNESS,36,0.13789984648652373,0.42163671023965144,0.1111111111111111,EXPLORATORY_DEVELOPMENT_NOT_CONFIRMATORY_EVIDENCE
TRUE_FLAW_ABLATION,AMBIGUITY,0.4,8103,WITHOUT_NEGATIVE_DISCRIMINATION,36,0.13771334845773342,0.42007080610021785,0.1111111111111111,EXPLORATORY_DEVELOPMENT_NOT_CONFIRMATORY_EVIDENCE
TRUE_FLAW_ABLATION,AMBIGUITY,0.4,8103,WITHOUT_SUBJECT_RESIDUAL,36,0.16553117699127887,0.4483251633986928,0.1111111111111111,EXPLORATORY_DEVELOPMENT_NOT_CONFIRMATORY_EVIDENCE
TRUE_FLAW_ABLATION,AMBIGUITY,0.4,8104,WITHOUT_DIFFICULTY_CORRECTION,36,0.10404689259421772,0.2947984749455338,0.05555555555555555,EXPLORATORY_DEVELOPMENT_NOT_CONFIRMATORY_EVIDENCE
TRUE_FLAW_ABLATION,AMBIGUITY,0.4,8104,WITHOUT_DUPLICATE,36,0.12470335661584978,0.3844635076252723,0.0,EXPLORATORY_DEVELOPMENT_NOT_CONFIRMATORY_EVIDENCE
TRUE_FLAW_ABLATION,AMBIGUITY,0.4,8104,WITHOUT_FAMILY_BALANCING,36,0.12470335661584978,0.3844635076252723,0.0,EXPLORATORY_DEVELOPMENT_NOT_CONFIRMATORY_EVIDENCE
TRUE_FLAW_ABLATION,AMBIGUITY,0.4,8104,WITHOUT_MISSINGNESS,36,0.12470335661584978,0.3844635076252723,0.0,EXPLORATORY_DEVELOPMENT_NOT_CONFIRMATORY_EVIDENCE
TRUE_FLAW_ABLATION,AMBIGUITY,0.4,8104,WITHOUT_NEGATIVE_DISCRIMINATION,36,0.12354686538619972,0.37888071895424835,0.0,EXPLORATORY_DEVELOPMENT_NOT_CONFIRMATORY_EVIDENCE
TRUE_FLAW_ABLATION,AMBIGUITY,0.4,8104,WITHOUT_SUBJECT_RESIDUAL,36,0.1550356506238859,0.4423338779956427,0.1111111111111111,EXPLORATORY_DEVELOPMENT_NOT_CONFIRMATORY_EVIDENCE
TRUE_FLAW_ABLATION,AMBIGUITY,0.4,8105,WITHOUT_DIFFICULTY_CORRECTION,36,0.12158404324533822,0.4059776688453159,0.027777777777777776,EXPLORATORY_DEVELOPMENT_NOT_CONFIRMATORY_EVIDENCE
TRUE_FLAW_ABLATION,AMBIGUITY,0.4,8105,WITHOUT_DUPLICATE,36,0.16495515861858268,0.49611928104575165,0.1388888888888889,EXPLORATORY_DEVELOPMENT_NOT_CONFIRMATORY_EVIDENCE
TRUE_FLAW_ABLATION,AMBIGUITY,0.4,8105,WITHOUT_FAMILY_BALANCING,36,0.16495515861858268,0.49611928104575165,0.1388888888888889,EXPLORATORY_DEVELOPMENT_NOT_CONFIRMATORY_EVIDENCE
TRUE_FLAW_ABLATION,AMBIGUITY,0.4,8105,WITHOUT_MISSINGNESS,36,0.16495515861858268,0.49611928104575165,0.1388888888888889,EXPLORATORY_DEVELOPMENT_NOT_CONFIRMATORY_EVIDENCE
TRUE_FLAW_ABLATION,AMBIGUITY,0.4,8105,WITHOUT_NEGATIVE_DISCRIMINATION,36,0.16473020388938925,0.4957107843137255,0.1388888888888889,EXPLORATORY_DEVELOPMENT_NOT_CONFIRMATORY_EVIDENCE
TRUE_FLAW_ABLATION,AMBIGUITY,0.4,8105,WITHOUT_SUBJECT_RESIDUAL,36,0.1622295801134895,0.5157271241830066,0.16666666666666666,EXPLORATORY_DEVELOPMENT_NOT_CONFIRMATORY_EVIDENCE
TRUE_FLAW_ABLATION,AMBIGUITY,0.7,8101,WITHOUT_DIFFICULTY_CORRECTION,36,0.10155882159384802,0.2866285403050109,0.027777777777777776,EXPLORATORY_DEVELOPMENT_NOT_CONFIRMATORY_EVIDENCE
TRUE_FLAW_ABLATION,AMBIGUITY,0.7,8101,WITHOUT_DUPLICATE,36,0.13511505477218086,0.43001089324618735,0.08333333333333333,EXPLORATORY_DEVELOPMENT_NOT_CONFIRMATORY_EVIDENCE
TRUE_FLAW_ABLATION,AMBIGUITY,0.7,8101,WITHOUT_FAMILY_BALANCING,36,0.13511505477218086,0.43001089324618735,0.08333333333333333,EXPLORATORY_DEVELOPMENT_NOT_CONFIRMATORY_EVIDENCE
TRUE_FLAW_ABLATION,AMBIGUITY,0.7,8101,WITHOUT_MISSINGNESS,36,0.13511505477218086,0.43001089324618735,0.08333333333333333,EXPLORATORY_DEVELOPMENT_NOT_CONFIRMATORY_EVIDENCE
TRUE_FLAW_ABLATION,AMBIGUITY,0.7,8101,WITHOUT_NEGATIVE_DISCRIMINATION,36,0.12906824574088807,0.4080201525054466,0.05555555555555555,EXPLORATORY_DEVELOPMENT_NOT_CONFIRMATORY_EVIDENCE
TRUE_FLAW_ABLATION,AMBIGUITY,0.7,8101,WITHOUT_SUBJECT_RESIDUAL,36,0.30451388888888886,0.573869825708061,0.2777777777777778,EXPLORATORY_DEVELOPMENT_NOT_CONFIRMATORY_EVIDENCE
TRUE_FLAW_ABLATION,AMBIGUITY,0.7,8102,WITHOUT_DIFFICULTY_CORRECTION,36,0.11628072197682422,0.3813316993464052,0.0,EXPLORATORY_DEVELOPMENT_NOT_CONFIRMATORY_EVIDENCE
TRUE_FLAW_ABLATION,AMBIGUITY,0.7,8102,WITHOUT_DUPLICATE,36,0.16816413900622168,0.5740740740740741,0.08333333333333333,EXPLORATORY_DEVELOPMENT_NOT_CONFIRMATORY_EVIDENCE
TRUE_FLAW_ABLATION,AMBIGUITY,0.7,8102,WITHOUT_FAMILY_BALANCING,36,0.16816413900622168,0.5740740740740741,0.08333333333333333,EXPLORATORY_DEVELOPMENT_NOT_CONFIRMATORY_EVIDENCE
TRUE_FLAW_ABLATION,AMBIGUITY,0.7,8102,WITHOUT_MISSINGNESS,36,0.16816413900622168,0.5740740740740741,0.08333333333333333,EXPLORATORY_DEVELOPMENT_NOT_CONFIRMATORY_EVIDENCE
TRUE_FLAW_ABLATION,AMBIGUITY,0.7,8102,WITHOUT_NEGATIVE_DISCRIMINATION,36,0.1667610824130592,0.5687636165577342,0.08333333333333333,EXPLORATORY_DEVELOPMENT_NOT_CONFIRMATORY_EVIDENCE
TRUE_FLAW_ABLATION,AMBIGUITY,0.7,8102,WITHOUT_SUBJECT_RESIDUAL,36,0.3536220043572985,0.5893246187363834,0.3055555555555556,EXPLORATORY_DEVELOPMENT_NOT_CONFIRMATORY_EVIDENCE
TRUE_FLAW_ABLATION,AMBIGUITY,0.7,8103,WITHOUT_DIFFICULTY_CORRECTION,36,0.10456546351225648,0.3063044662309368,0.0,EXPLORATORY_DEVELOPMENT_NOT_CONFIRMATORY_EVIDENCE
TRUE_FLAW_ABLATION,AMBIGUITY,0.7,8103,WITHOUT_DUPLICATE,36,0.1811592956461608,0.4966639433551198,0.19444444444444445,EXPLORATORY_DEVELOPMENT_NOT_CONFIRMATORY_EVIDENCE
TRUE_FLAW_ABLATION,AMBIGUITY,0.7,8103,WITHOUT_FAMILY_BALANCING,36,0.1811592956461608,0.4966639433551198,0.19444444444444445,EXPLORATORY_DEVELOPMENT_NOT_CONFIRMATORY_EVIDENCE
TRUE_FLAW_ABLATION,AMBIGUITY,0.7,8103,WITHOUT_MISSINGNESS,36,0.1811592956461608,0.4966639433551198,0.19444444444444445,EXPLORATORY_DEVELOPMENT_NOT_CONFIRMATORY_EVIDENCE
TRUE_FLAW_ABLATION,AMBIGUITY,0.7,8103,WITHOUT_NEGATIVE_DISCRIMINATION,36,0.1549864541161256,0.45574618736383443,0.1388888888888889,EXPLORATORY_DEVELOPMENT_NOT_CONFIRMATORY_EVIDENCE
TRUE_FLAW_ABLATION,AMBIGUITY,0.7,8103,WITHOUT_SUBJECT_RESIDUAL,36,0.3637737262737263,0.6150599128540305,0.3611111111111111,EXPLORATORY_DEVELOPMENT_NOT_CONFIRMATORY_EVIDENCE
TRUE_FLAW_ABLATION,AMBIGUITY,0.7,8104,WITHOUT_DIFFICULTY_CORRECTION,36,0.10804490752323895,0.3274782135076253,0.05555555555555555,EXPLORATORY_DEVELOPMENT_NOT_CONFIRMATORY_EVIDENCE
TRUE_FLAW_ABLATION,AMBIGUITY,0.7,8104,WITHOUT_DUPLICATE,36,0.13177513671461027,0.43967864923747274,0.05555555555555555,EXPLORATORY_DEVELOPMENT_NOT_CONFIRMATORY_EVIDENCE
TRUE_FLAW_ABLATION,AMBIGUITY,0.7,8104,WITHOUT_FAMILY_BALANCING,36,0.13177513671461027,0.43967864923747274,0.05555555555555555,EXPLORATORY_DEVELOPMENT_NOT_CONFIRMATORY_EVIDENCE
TRUE_FLAW_ABLATION,AMBIGUITY,0.7,8104,WITHOUT_MISSINGNESS,36,0.13177513671461027,0.43967864923747274,0.05555555555555555,EXPLORATORY_DEVELOPMENT_NOT_CONFIRMATORY_EVIDENCE
TRUE_FLAW_ABLATION,AMBIGUITY,0.7,8104,WITHOUT_NEGATIVE_DISCRIMINATION,36,0.13266615413666932,0.4453976034858388,0.05555555555555555,EXPLORATORY_DEVELOPMENT_NOT_CONFIRMATORY_EVIDENCE
TRUE_FLAW_ABLATION,AMBIGUITY,0.7,8104,WITHOUT_SUBJECT_RESIDUAL,36,0.1715247471332664,0.5357434640522876,0.20611916264090177,EXPLORATORY_DEVELOPMENT_NOT_CONFIRMATORY_EVIDENCE
TRUE_FLAW_ABLATION,AMBIGUITY,0.7,8105,WITHOUT_DIFFICULTY_CORRECTION,36,0.1111419815056506,0.35014978213507625,0.0,EXPLORATORY_DEVELOPMENT_NOT_CONFIRMATORY_EVIDENCE
TRUE_FLAW_ABLATION,AMBIGUITY,0.7,8105,WITHOUT_DUPLICATE,36,0.16277450592939377,0.5259395424836601,0.1388888888888889,EXPLORATORY_DEVELOPMENT_NOT_CONFIRMATORY_EVIDENCE
TRUE_FLAW_ABLATION,AMBIGUITY,0.7,8105,WITHOUT_FAMILY_BALANCING,36,0.16277450592939377,0.5259395424836601,0.1388888888888889,EXPLORATORY_DEVELOPMENT_NOT_CONFIRMATORY_EVIDENCE
TRUE_FLAW_ABLATION,AMBIGUITY,0.7,8105,WITHOUT_MISSINGNESS,36,0.16277450592939377,0.5259395424836601,0.1388888888888889,EXPLORATORY_DEVELOPMENT_NOT_CONFIRMATORY_EVIDENCE
TRUE_FLAW_ABLATION,AMBIGUITY,0.7,8105,WITHOUT_NEGATIVE_DISCRIMINATION,36,0.13030658478232066,0.4383169934640523,0.05555555555555555,EXPLORATORY_DEVELOPMENT_NOT_CONFIRMATORY_EVIDENCE
TRUE_FLAW_ABLATION,AMBIGUITY,0.7,8105,WITHOUT_SUBJECT_RESIDUAL,36,0.2988969485680012,0.6011029411764706,0.3055555555555556,EXPLORATORY_DEVELOPMENT_NOT_CONFIRMATORY_EVIDENCE
TRUE_FLAW_ABLATION,CORRELATED_MODEL_FAILURE,0.4,8101,WITHOUT_DIFFICULTY_CORRECTION,36,0.18454878591972887,0.5164079520697168,0.2222222222222222,EXPLORATORY_DEVELOPMENT_NOT_CONFIRMATORY_EVIDENCE
TRUE_FLAW_ABLATION,CORRELATED_MODEL_FAILURE,0.4,8101,WITHOUT_DUPLICATE,36,0.2005179298885542,0.5743464052287581,0.25,EXPLORATORY_DEVELOPMENT_NOT_CONFIRMATORY_EVIDENCE
TRUE_FLAW_ABLATION,CORRELATED_MODEL_FAILURE,0.4,8101,WITHOUT_FAMILY_BALANCING,36,0.19185168835748012,0.5720315904139434,0.25,EXPLORATORY_DEVELOPMENT_NOT_CONFIRMATORY_EVIDENCE
TRUE_FLAW_ABLATION,CORRELATED_MODEL_FAILURE,0.4,8101,WITHOUT_MISSINGNESS,36,0.19185168835748012,0.5720315904139434,0.25,EXPLORATORY_DEVELOPMENT_NOT_CONFIRMATORY_EVIDENCE
TRUE_FLAW_ABLATION,CORRELATED_MODEL_FAILURE,0.4,8101,WITHOUT_NEGATIVE_DISCRIMINATION,36,0.19188560724261267,0.5720315904139434,0.25,EXPLORATORY_DEVELOPMENT_NOT_CONFIRMATORY_EVIDENCE
TRUE_FLAW_ABLATION,CORRELATED_MODEL_FAILURE,0.4,8101,WITHOUT_SUBJECT_RESIDUAL,36,0.16365735682690835,0.5373093681917211,0.1388888888888889,EXPLORATORY_DEVELOPMENT_NOT_CONFIRMATORY_EVIDENCE
TRUE_FLAW_ABLATION,CORRELATED_MODEL_FAILURE,0.4,8102,WITHOUT_DIFFICULTY_CORRECTION,36,0.1288191459289803,0.4415849673202614,0.027777777777777776,EXPLORATORY_DEVELOPMENT_NOT_CONFIRMATORY_EVIDENCE
TRUE_FLAW_ABLATION,CORRELATED_MODEL_FAILURE,0.4,8102,WITHOUT_DUPLICATE,36,0.14625875082710116,0.5132080610021786,0.1388888888888889,EXPLORATORY_DEVELOPMENT_NOT_CONFIRMATORY_EVIDENCE
TRUE_FLAW_ABLATION,CORRELATED_MODEL_FAILURE,0.4,8102,WITHOUT_FAMILY_BALANCING,36,0.14625875082710116,0.5132080610021786,0.1388888888888889,EXPLORATORY_DEVELOPMENT_NOT_CONFIRMATORY_EVIDENCE
TRUE_FLAW_ABLATION,CORRELATED_MODEL_FAILURE,0.4,8102,WITHOUT_MISSINGNESS,36,0.14625875082710116,0.5132080610021786,0.1388888888888889,EXPLORATORY_DEVELOPMENT_NOT_CONFIRMATORY_EVIDENCE
TRUE_FLAW_ABLATION,CORRELATED_MODEL_FAILURE,0.4,8102,WITHOUT_NEGATIVE_DISCRIMINATION,36,0.1461897377146098,0.5130718954248366,0.1388888888888889,EXPLORATORY_DEVELOPMENT_NOT_CONFIRMATORY_EVIDENCE
TRUE_FLAW_ABLATION,CORRELATED_MODEL_FAILURE,0.4,8102,WITHOUT_SUBJECT_RESIDUAL,36,0.17136263194472454,0.51130174291939,0.19444444444444445,EXPLORATORY_DEVELOPMENT_NOT_CONFIRMATORY_EVIDENCE
TRUE_FLAW_ABLATION,CORRELATED_MODEL_FAILURE,0.4,8103,WITHOUT_DIFFICULTY_CORRECTION,36,0.14171638188037516,0.4755582788671024,0.1111111111111111,EXPLORATORY_DEVELOPMENT_NOT_CONFIRMATORY_EVIDENCE
TRUE_FLAW_ABLATION,CORRELATED_MODEL_FAILURE,0.4,8103,WITHOUT_DUPLICATE,36,0.1356377401137048,0.45635893246187365,0.08333333333333333,EXPLORATORY_DEVELOPMENT_NOT_CONFIRMATORY_EVIDENCE
TRUE_FLAW_ABLATION,CORRELATED_MODEL_FAILURE,0.4,8103,WITHOUT_FAMILY_BALANCING,36,0.1353558254779515,0.4409041394335512,0.08333333333333333,EXPLORATORY_DEVELOPMENT_NOT_CONFIRMATORY_EVIDENCE
TRUE_FLAW_ABLATION,CORRELATED_MODEL_FAILURE,0.4,8103,WITHOUT_MISSINGNESS,36,0.1353558254779515,0.4409041394335512,0.08333333333333333,EXPLORATORY_DEVELOPMENT_NOT_CONFIRMATORY_EVIDENCE
TRUE_FLAW_ABLATION,CORRELATED_MODEL_FAILURE,0.4,8103,WITHOUT_NEGATIVE_DISCRIMINATION,36,0.1353558254779515,0.4409041394335512,0.08333333333333333,EXPLORATORY_DEVELOPMENT_NOT_CONFIRMATORY_EVIDENCE
TRUE_FLAW_ABLATION,CORRELATED_MODEL_FAILURE,0.4,8103,WITHOUT_SUBJECT_RESIDUAL,36,0.13231970671319535,0.4542483660130719,0.08333333333333333,EXPLORATORY_DEVELOPMENT_NOT_CONFIRMATORY_EVIDENCE
TRUE_FLAW_ABLATION,CORRELATED_MODEL_FAILURE,0.4,8104,WITHOUT_DIFFICULTY_CORRECTION,36,0.1726872447552661,0.5640659041394336,0.1111111111111111,EXPLORATORY_DEVELOPMENT_NOT_CONFIRMATORY_EVIDENCE
TRUE_FLAW_ABLATION,CORRELATED_MODEL_FAILURE,0.4,8104,WITHOUT_DUPLICATE,36,0.16342733812375837,0.5302968409586056,0.16666666666666666,EXPLORATORY_DEVELOPMENT_NOT_CONFIRMATORY_EVIDENCE
TRUE_FLAW_ABLATION,CORRELATED_MODEL_FAILURE,0.4,8104,WITHOUT_FAMILY_BALANCING,36,0.16342733812375837,0.5302968409586056,0.16666666666666666,EXPLORATORY_DEVELOPMENT_NOT_CONFIRMATORY_EVIDENCE
TRUE_FLAW_ABLATION,CORRELATED_MODEL_FAILURE,0.4,8104,WITHOUT_MISSINGNESS,36,0.16342733812375837,0.5302968409586056,0.16666666666666666,EXPLORATORY_DEVELOPMENT_NOT_CONFIRMATORY_EVIDENCE
TRUE_FLAW_ABLATION,CORRELATED_MODEL_FAILURE,0.4,8104,WITHOUT_NEGATIVE_DISCRIMINATION,36,0.16342733812375837,0.5302968409586056,0.16666666666666666,EXPLORATORY_DEVELOPMENT_NOT_CONFIRMATORY_EVIDENCE
TRUE_FLAW_ABLATION,CORRELATED_MODEL_FAILURE,0.4,8104,WITHOUT_SUBJECT_RESIDUAL,36,0.15723432669001952,0.5052423747276689,0.19444444444444445,EXPLORATORY_DEVELOPMENT_NOT_CONFIRMATORY_EVIDENCE
TRUE_FLAW_ABLATION,CORRELATED_MODEL_FAILURE,0.4,8105,WITHOUT_DIFFICULTY_CORRECTION,36,0.15580766099398927,0.4664351851851852,0.19444444444444445,EXPLORATORY_DEVELOPMENT_NOT_CONFIRMATORY_EVIDENCE
TRUE_FLAW_ABLATION,CORRELATED_MODEL_FAILURE,0.4,8105,WITHOUT_DUPLICATE,36,0.15206194997053593,0.45949074074074076,0.16666666666666666,EXPLORATORY_DEVELOPMENT_NOT_CONFIRMATORY_EVIDENCE
TRUE_FLAW_ABLATION,CORRELATED_MODEL_FAILURE,0.4,8105,WITHOUT_FAMILY_BALANCING,36,0.15206194997053593,0.45949074074074076,0.16666666666666666,EXPLORATORY_DEVELOPMENT_NOT_CONFIRMATORY_EVIDENCE
TRUE_FLAW_ABLATION,CORRELATED_MODEL_FAILURE,0.4,8105,WITHOUT_MISSINGNESS,36,0.15206194997053593,0.45949074074074076,0.16666666666666666,EXPLORATORY_DEVELOPMENT_NOT_CONFIRMATORY_EVIDENCE
TRUE_FLAW_ABLATION,CORRELATED_MODEL_FAILURE,0.4,8105,WITHOUT_NEGATIVE_DISCRIMINATION,36,0.15206194997053593,0.45949074074074076,0.16666666666666666,EXPLORATORY_DEVELOPMENT_NOT_CONFIRMATORY_EVIDENCE
TRUE_FLAW_ABLATION,CORRELATED_MODEL_FAILURE,0.4,8105,WITHOUT_SUBJECT_RESIDUAL,36,0.1814274400969093,0.5684232026143791,0.2361111111111111,EXPLORATORY_DEVELOPMENT_NOT_CONFIRMATORY_EVIDENCE
TRUE_FLAW_ABLATION,CORRELATED_MODEL_FAILURE,0.7,8101,WITHOUT_DIFFICULTY_CORRECTION,36,0.24592464417057142,0.5727805010893247,0.2777777777777778,EXPLORATORY_DEVELOPMENT_NOT_CONFIRMATORY_EVIDENCE
TRUE_FLAW_ABLATION,CORRELATED_MODEL_FAILURE,0.7,8101,WITHOUT_DUPLICATE,36,0.14440057520367375,0.4931917211328976,0.1111111111111111,EXPLORATORY_DEVELOPMENT_NOT_CONFIRMATORY_EVIDENCE
TRUE_FLAW_ABLATION,CORRELATED_MODEL_FAILURE,0.7,8101,WITHOUT_FAMILY_BALANCING,36,0.14440057520367375,0.4931917211328976,0.1111111111111111,EXPLORATORY_DEVELOPMENT_NOT_CONFIRMATORY_EVIDENCE
TRUE_FLAW_ABLATION,CORRELATED_MODEL_FAILURE,0.7,8101,WITHOUT_MISSINGNESS,36,0.14440057520367375,0.4931917211328976,0.1111111111111111,EXPLORATORY_DEVELOPMENT_NOT_CONFIRMATORY_EVIDENCE
TRUE_FLAW_ABLATION,CORRELATED_MODEL_FAILURE,0.7,8101,WITHOUT_NEGATIVE_DISCRIMINATION,36,0.14440057520367375,0.4918300653594771,0.1111111111111111,EXPLORATORY_DEVELOPMENT_NOT_CONFIRMATORY_EVIDENCE
TRUE_FLAW_ABLATION,CORRELATED_MODEL_FAILURE,0.7,8101,WITHOUT_SUBJECT_RESIDUAL,36,0.14730636372615627,0.4675925925925926,0.1111111111111111,EXPLORATORY_DEVELOPMENT_NOT_CONFIRMATORY_EVIDENCE
TRUE_FLAW_ABLATION,CORRELATED_MODEL_FAILURE,0.7,8102,WITHOUT_DIFFICULTY_CORRECTION,36,0.14355493101408226,0.49169389978213507,0.08333333333333333,EXPLORATORY_DEVELOPMENT_NOT_CONFIRMATORY_EVIDENCE
TRUE_FLAW_ABLATION,CORRELATED_MODEL_FAILURE,0.7,8102,WITHOUT_DUPLICATE,36,0.2238660379509343,0.5863289760348583,0.3055555555555556,EXPLORATORY_DEVELOPMENT_NOT_CONFIRMATORY_EVIDENCE
TRUE_FLAW_ABLATION,CORRELATED_MODEL_FAILURE,0.7,8102,WITHOUT_FAMILY_BALANCING,36,0.2238660379509343,0.5863289760348583,0.3055555555555556,EXPLORATORY_DEVELOPMENT_NOT_CONFIRMATORY_EVIDENCE
TRUE_FLAW_ABLATION,CORRELATED_MODEL_FAILURE,0.7,8102,WITHOUT_MISSINGNESS,36,0.2238660379509343,0.5863289760348583,0.3055555555555556,EXPLORATORY_DEVELOPMENT_NOT_CONFIRMATORY_EVIDENCE
TRUE_FLAW_ABLATION,CORRELATED_MODEL_FAILURE,0.7,8102,WITHOUT_NEGATIVE_DISCRIMINATION,36,0.2206341076224505,0.5859885620915033,0.3055555555555556,EXPLORATORY_DEVELOPMENT_NOT_CONFIRMATORY_EVIDENCE
TRUE_FLAW_ABLATION,CORRELATED_MODEL_FAILURE,0.7,8102,WITHOUT_SUBJECT_RESIDUAL,36,0.1429875645277649,0.4368872549019608,0.1111111111111111,EXPLORATORY_DEVELOPMENT_NOT_CONFIRMATORY_EVIDENCE
TRUE_FLAW_ABLATION,CORRELATED_MODEL_FAILURE,0.7,8103,WITHOUT_DIFFICULTY_CORRECTION,36,0.1862805551649977,0.5379901960784313,0.19444444444444445,EXPLORATORY_DEVELOPMENT_NOT_CONFIRMATORY_EVIDENCE
TRUE_FLAW_ABLATION,CORRELATED_MODEL_FAILURE,0.7,8103,WITHOUT_DUPLICATE,36,0.14708391598701454,0.4941448801742919,0.1111111111111111,EXPLORATORY_DEVELOPMENT_NOT_CONFIRMATORY_EVIDENCE
TRUE_FLAW_ABLATION,CORRELATED_MODEL_FAILURE,0.7,8103,WITHOUT_FAMILY_BALANCING,36,0.144774530517081,0.47739651416122003,0.1111111111111111,EXPLORATORY_DEVELOPMENT_NOT_CONFIRMATORY_EVIDENCE
TRUE_FLAW_ABLATION,CORRELATED_MODEL_FAILURE,0.7,8103,WITHOUT_MISSINGNESS,36,0.144774530517081,0.47739651416122003,0.1111111111111111,EXPLORATORY_DEVELOPMENT_NOT_CONFIRMATORY_EVIDENCE
TRUE_FLAW_ABLATION,CORRELATED_MODEL_FAILURE,0.7,8103,WITHOUT_NEGATIVE_DISCRIMINATION,36,0.1452617553810993,0.4795070806100218,0.1111111111111111,EXPLORATORY_DEVELOPMENT_NOT_CONFIRMATORY_EVIDENCE
TRUE_FLAW_ABLATION,CORRELATED_MODEL_FAILURE,0.7,8103,WITHOUT_SUBJECT_RESIDUAL,36,0.19840947724886368,0.5514025054466231,0.25,EXPLORATORY_DEVELOPMENT_NOT_CONFIRMATORY_EVIDENCE
TRUE_FLAW_ABLATION,CORRELATED_MODEL_FAILURE,0.7,8104,WITHOUT_DIFFICULTY_CORRECTION,36,0.1465982971301884,0.4827750544662309,0.08333333333333333,EXPLORATORY_DEVELOPMENT_NOT_CONFIRMATORY_EVIDENCE
TRUE_FLAW_ABLATION,CORRELATED_MODEL_FAILURE,0.7,8104,WITHOUT_DUPLICATE,36,0.18169837712991405,0.5505855119825708,0.2222222222222222,EXPLORATORY_DEVELOPMENT_NOT_CONFIRMATORY_EVIDENCE
TRUE_FLAW_ABLATION,CORRELATED_MODEL_FAILURE,0.7,8104,WITHOUT_FAMILY_BALANCING,36,0.18169837712991405,0.5505855119825708,0.2222222222222222,EXPLORATORY_DEVELOPMENT_NOT_CONFIRMATORY_EVIDENCE
TRUE_FLAW_ABLATION,CORRELATED_MODEL_FAILURE,0.7,8104,WITHOUT_MISSINGNESS,36,0.18169837712991405,0.5505855119825708,0.2222222222222222,EXPLORATORY_DEVELOPMENT_NOT_CONFIRMATORY_EVIDENCE
TRUE_FLAW_ABLATION,CORRELATED_MODEL_FAILURE,0.7,8104,WITHOUT_NEGATIVE_DISCRIMINATION,36,0.18169837712991405,0.5505855119825708,0.2222222222222222,EXPLORATORY_DEVELOPMENT_NOT_CONFIRMATORY_EVIDENCE
TRUE_FLAW_ABLATION,CORRELATED_MODEL_FAILURE,0.7,8104,WITHOUT_SUBJECT_RESIDUAL,36,0.14616074586158995,0.4962554466230937,0.1388888888888889,EXPLORATORY_DEVELOPMENT_NOT_CONFIRMATORY_EVIDENCE
TRUE_FLAW_ABLATION,CORRELATED_MODEL_FAILURE,0.7,8105,WITHOUT_DIFFICULTY_CORRECTION,36,0.18284923998078784,0.5253948801742919,0.19444444444444445,EXPLORATORY_DEVELOPMENT_NOT_CONFIRMATORY_EVIDENCE
TRUE_FLAW_ABLATION,CORRELATED_MODEL_FAILURE,0.7,8105,WITHOUT_DUPLICATE,36,0.1605823080639587,0.4984340958605665,0.16666666666666666,EXPLORATORY_DEVELOPMENT_NOT_CONFIRMATORY_EVIDENCE
TRUE_FLAW_ABLATION,CORRELATED_MODEL_FAILURE,0.7,8105,WITHOUT_FAMILY_BALANCING,36,0.16732796479907563,0.5038126361655774,0.2222222222222222,EXPLORATORY_DEVELOPMENT_NOT_CONFIRMATORY_EVIDENCE
TRUE_FLAW_ABLATION,CORRELATED_MODEL_FAILURE,0.7,8105,WITHOUT_MISSINGNESS,36,0.16732796479907563,0.5038126361655774,0.2222222222222222,EXPLORATORY_DEVELOPMENT_NOT_CONFIRMATORY_EVIDENCE
TRUE_FLAW_ABLATION,CORRELATED_MODEL_FAILURE,0.7,8105,WITHOUT_NEGATIVE_DISCRIMINATION,36,0.16732796479907563,0.5038126361655774,0.2222222222222222,EXPLORATORY_DEVELOPMENT_NOT_CONFIRMATORY_EVIDENCE
TRUE_FLAW_ABLATION,CORRELATED_MODEL_FAILURE,0.7,8105,WITHOUT_SUBJECT_RESIDUAL,36,0.14114085416410516,0.38487200435729846,0.09722222222222222,EXPLORATORY_DEVELOPMENT_NOT_CONFIRMATORY_EVIDENCE
TRUE_FLAW_ABLATION,DISTRACTOR_FAILURE,0.4,8101,WITHOUT_DIFFICULTY_CORRECTION,36,0.11251885639735974,0.3526007625272331,0.0,EXPLORATORY_DEVELOPMENT_NOT_CONFIRMATORY_EVIDENCE
TRUE_FLAW_ABLATION,DISTRACTOR_FAILURE,0.4,8101,WITHOUT_DUPLICATE,36,0.1470478442819326,0.5059232026143791,0.1111111111111111,EXPLORATORY_DEVELOPMENT_NOT_CONFIRMATORY_EVIDENCE
TRUE_FLAW_ABLATION,DISTRACTOR_FAILURE,0.4,8101,WITHOUT_FAMILY_BALANCING,36,0.1470478442819326,0.5059232026143791,0.1111111111111111,EXPLORATORY_DEVELOPMENT_NOT_CONFIRMATORY_EVIDENCE
TRUE_FLAW_ABLATION,DISTRACTOR_FAILURE,0.4,8101,WITHOUT_MISSINGNESS,36,0.1470478442819326,0.5059232026143791,0.1111111111111111,EXPLORATORY_DEVELOPMENT_NOT_CONFIRMATORY_EVIDENCE
TRUE_FLAW_ABLATION,DISTRACTOR_FAILURE,0.4,8101,WITHOUT_NEGATIVE_DISCRIMINATION,36,0.14884388426410294,0.5116421568627451,0.1111111111111111,EXPLORATORY_DEVELOPMENT_NOT_CONFIRMATORY_EVIDENCE
TRUE_FLAW_ABLATION,DISTRACTOR_FAILURE,0.4,8101,WITHOUT_SUBJECT_RESIDUAL,36,0.31938289961545774,0.5885076252723311,0.3055555555555556,EXPLORATORY_DEVELOPMENT_NOT_CONFIRMATORY_EVIDENCE
TRUE_FLAW_ABLATION,DISTRACTOR_FAILURE,0.4,8102,WITHOUT_DIFFICULTY_CORRECTION,36,0.10320097979940995,0.29554738562091504,0.0,EXPLORATORY_DEVELOPMENT_NOT_CONFIRMATORY_EVIDENCE
TRUE_FLAW_ABLATION,DISTRACTOR_FAILURE,0.4,8102,WITHOUT_DUPLICATE,36,0.14863819759184363,0.48556644880174293,0.08333333333333333,EXPLORATORY_DEVELOPMENT_NOT_CONFIRMATORY_EVIDENCE
TRUE_FLAW_ABLATION,DISTRACTOR_FAILURE,0.4,8102,WITHOUT_FAMILY_BALANCING,36,0.14863819759184363,0.48556644880174293,0.08333333333333333,EXPLORATORY_DEVELOPMENT_NOT_CONFIRMATORY_EVIDENCE
TRUE_FLAW_ABLATION,DISTRACTOR_FAILURE,0.4,8102,WITHOUT_MISSINGNESS,36,0.14863819759184363,0.48556644880174293,0.08333333333333333,EXPLORATORY_DEVELOPMENT_NOT_CONFIRMATORY_EVIDENCE
TRUE_FLAW_ABLATION,DISTRACTOR_FAILURE,0.4,8102,WITHOUT_NEGATIVE_DISCRIMINATION,36,0.1373362821439535,0.4404956427015251,0.05555555555555555,EXPLORATORY_DEVELOPMENT_NOT_CONFIRMATORY_EVIDENCE
TRUE_FLAW_ABLATION,DISTRACTOR_FAILURE,0.4,8102,WITHOUT_SUBJECT_RESIDUAL,36,0.5250974282271956,0.744417211328976,0.5555555555555556,EXPLORATORY_DEVELOPMENT_NOT_CONFIRMATORY_EVIDENCE
TRUE_FLAW_ABLATION,DISTRACTOR_FAILURE,0.4,8103,WITHOUT_DIFFICULTY_CORRECTION,36,0.10028250474074937,0.26838235294117646,0.0,EXPLORATORY_DEVELOPMENT_NOT_CONFIRMATORY_EVIDENCE
TRUE_FLAW_ABLATION,DISTRACTOR_FAILURE,0.4,8103,WITHOUT_DUPLICATE,36,0.1414840602488575,0.4471677559912854,0.1111111111111111,EXPLORATORY_DEVELOPMENT_NOT_CONFIRMATORY_EVIDENCE
TRUE_FLAW_ABLATION,DISTRACTOR_FAILURE,0.4,8103,WITHOUT_FAMILY_BALANCING,36,0.1414840602488575,0.4471677559912854,0.1111111111111111,EXPLORATORY_DEVELOPMENT_NOT_CONFIRMATORY_EVIDENCE
TRUE_FLAW_ABLATION,DISTRACTOR_FAILURE,0.4,8103,WITHOUT_MISSINGNESS,36,0.1414840602488575,0.4471677559912854,0.1111111111111111,EXPLORATORY_DEVELOPMENT_NOT_CONFIRMATORY_EVIDENCE
TRUE_FLAW_ABLATION,DISTRACTOR_FAILURE,0.4,8103,WITHOUT_NEGATIVE_DISCRIMINATION,36,0.1268410391055307,0.36717047930283225,0.027777777777777776,EXPLORATORY_DEVELOPMENT_NOT_CONFIRMATORY_EVIDENCE
TRUE_FLAW_ABLATION,DISTRACTOR_FAILURE,0.4,8103,WITHOUT_SUBJECT_RESIDUAL,36,0.4161409578076245,0.63630174291939,0.3888888888888889,EXPLORATORY_DEVELOPMENT_NOT_CONFIRMATORY_EVIDENCE
TRUE_FLAW_ABLATION,DISTRACTOR_FAILURE,0.4,8104,WITHOUT_DIFFICULTY_CORRECTION,36,0.11026999862922722,0.3487881263616558,0.0,EXPLORATORY_DEVELOPMENT_NOT_CONFIRMATORY_EVIDENCE
TRUE_FLAW_ABLATION,DISTRACTOR_FAILURE,0.4,8104,WITHOUT_DUPLICATE,36,0.14410205836034112,0.48999183006535946,0.1111111111111111,EXPLORATORY_DEVELOPMENT_NOT_CONFIRMATORY_EVIDENCE
TRUE_FLAW_ABLATION,DISTRACTOR_FAILURE,0.4,8104,WITHOUT_FAMILY_BALANCING,36,0.14410205836034112,0.48999183006535946,0.1111111111111111,EXPLORATORY_DEVELOPMENT_NOT_CONFIRMATORY_EVIDENCE
TRUE_FLAW_ABLATION,DISTRACTOR_FAILURE,0.4,8104,WITHOUT_MISSINGNESS,36,0.14410205836034112,0.48999183006535946,0.1111111111111111,EXPLORATORY_DEVELOPMENT_NOT_CONFIRMATORY_EVIDENCE
TRUE_FLAW_ABLATION,DISTRACTOR_FAILURE,0.4,8104,WITHOUT_NEGATIVE_DISCRIMINATION,36,0.135981654829411,0.43300653594771243,0.08333333333333333,EXPLORATORY_DEVELOPMENT_NOT_CONFIRMATORY_EVIDENCE
TRUE_FLAW_ABLATION,DISTRACTOR_FAILURE,0.4,8104,WITHOUT_SUBJECT_RESIDUAL,36,0.4815043595035856,0.713099128540305,0.5,EXPLORATORY_DEVELOPMENT_NOT_CONFIRMATORY_EVIDENCE
TRUE_FLAW_ABLATION,DISTRACTOR_FAILURE,0.4,8105,WITHOUT_DIFFICULTY_CORRECTION,36,0.09677701604021861,0.23876633986928106,0.0,EXPLORATORY_DEVELOPMENT_NOT_CONFIRMATORY_EVIDENCE
TRUE_FLAW_ABLATION,DISTRACTOR_FAILURE,0.4,8105,WITHOUT_DUPLICATE,36,0.13058324982509542,0.41687091503267976,0.05555555555555555,EXPLORATORY_DEVELOPMENT_NOT_CONFIRMATORY_EVIDENCE
TRUE_FLAW_ABLATION,DISTRACTOR_FAILURE,0.4,8105,WITHOUT_FAMILY_BALANCING,36,0.13058324982509542,0.41687091503267976,0.05555555555555555,EXPLORATORY_DEVELOPMENT_NOT_CONFIRMATORY_EVIDENCE
TRUE_FLAW_ABLATION,DISTRACTOR_FAILURE,0.4,8105,WITHOUT_MISSINGNESS,36,0.13058324982509542,0.41687091503267976,0.05555555555555555,EXPLORATORY_DEVELOPMENT_NOT_CONFIRMATORY_EVIDENCE
TRUE_FLAW_ABLATION,DISTRACTOR_FAILURE,0.4,8105,WITHOUT_NEGATIVE_DISCRIMINATION,36,0.13204166453168423,0.3923611111111111,0.05555555555555555,EXPLORATORY_DEVELOPMENT_NOT_CONFIRMATORY_EVIDENCE
TRUE_FLAW_ABLATION,DISTRACTOR_FAILURE,0.4,8105,WITHOUT_SUBJECT_RESIDUAL,36,0.4328848084594146,0.701729302832244,0.4722222222222222,EXPLORATORY_DEVELOPMENT_NOT_CONFIRMATORY_EVIDENCE
TRUE_FLAW_ABLATION,DISTRACTOR_FAILURE,0.7,8101,WITHOUT_DIFFICULTY_CORRECTION,36,0.13614358895057677,0.48080065359477125,0.027777777777777776,EXPLORATORY_DEVELOPMENT_NOT_CONFIRMATORY_EVIDENCE
TRUE_FLAW_ABLATION,DISTRACTOR_FAILURE,0.7,8101,WITHOUT_DUPLICATE,36,0.15701020377509722,0.5415305010893247,0.1388888888888889,EXPLORATORY_DEVELOPMENT_NOT_CONFIRMATORY_EVIDENCE
TRUE_FLAW_ABLATION,DISTRACTOR_FAILURE,0.7,8101,WITHOUT_FAMILY_BALANCING,36,0.15701020377509722,0.5415305010893247,0.1388888888888889,EXPLORATORY_DEVELOPMENT_NOT_CONFIRMATORY_EVIDENCE
TRUE_FLAW_ABLATION,DISTRACTOR_FAILURE,0.7,8101,WITHOUT_MISSINGNESS,36,0.15701020377509722,0.5415305010893247,0.1388888888888889,EXPLORATORY_DEVELOPMENT_NOT_CONFIRMATORY_EVIDENCE
TRUE_FLAW_ABLATION,DISTRACTOR_FAILURE,0.7,8101,WITHOUT_NEGATIVE_DISCRIMINATION,36,0.13438525455228847,0.4508442265795207,0.06481481481481483,EXPLORATORY_DEVELOPMENT_NOT_CONFIRMATORY_EVIDENCE
TRUE_FLAW_ABLATION,DISTRACTOR_FAILURE,0.7,8101,WITHOUT_SUBJECT_RESIDUAL,36,0.545112655423543,0.7327750544662309,0.5277777777777778,EXPLORATORY_DEVELOPMENT_NOT_CONFIRMATORY_EVIDENCE
TRUE_FLAW_ABLATION,DISTRACTOR_FAILURE,0.7,8102,WITHOUT_DIFFICULTY_CORRECTION,36,0.15578275241732345,0.5356072984749455,0.08333333333333333,EXPLORATORY_DEVELOPMENT_NOT_CONFIRMATORY_EVIDENCE
TRUE_FLAW_ABLATION,DISTRACTOR_FAILURE,0.7,8102,WITHOUT_DUPLICATE,36,0.18605237945566933,0.5671977124183006,0.1388888888888889,EXPLORATORY_DEVELOPMENT_NOT_CONFIRMATORY_EVIDENCE
TRUE_FLAW_ABLATION,DISTRACTOR_FAILURE,0.7,8102,WITHOUT_FAMILY_BALANCING,36,0.18605237945566933,0.5671977124183006,0.1388888888888889,EXPLORATORY_DEVELOPMENT_NOT_CONFIRMATORY_EVIDENCE
TRUE_FLAW_ABLATION,DISTRACTOR_FAILURE,0.7,8102,WITHOUT_MISSINGNESS,36,0.18605237945566933,0.5671977124183006,0.1388888888888889,EXPLORATORY_DEVELOPMENT_NOT_CONFIRMATORY_EVIDENCE
TRUE_FLAW_ABLATION,DISTRACTOR_FAILURE,0.7,8102,WITHOUT_NEGATIVE_DISCRIMINATION,36,0.18299508642127676,0.5526960784313726,0.1388888888888889,EXPLORATORY_DEVELOPMENT_NOT_CONFIRMATORY_EVIDENCE
TRUE_FLAW_ABLATION,DISTRACTOR_FAILURE,0.7,8102,WITHOUT_SUBJECT_RESIDUAL,36,0.4223782624357338,0.656181917211329,0.4166666666666667,EXPLORATORY_DEVELOPMENT_NOT_CONFIRMATORY_EVIDENCE
TRUE_FLAW_ABLATION,DISTRACTOR_FAILURE,0.7,8103,WITHOUT_DIFFICULTY_CORRECTION,36,0.14122607992903252,0.5068763616557734,0.027777777777777776,EXPLORATORY_DEVELOPMENT_NOT_CONFIRMATORY_EVIDENCE
TRUE_FLAW_ABLATION,DISTRACTOR_FAILURE,0.7,8103,WITHOUT_DUPLICATE,36,0.1698211762836731,0.5842864923747276,0.16666666666666666,EXPLORATORY_DEVELOPMENT_NOT_CONFIRMATORY_EVIDENCE
TRUE_FLAW_ABLATION,DISTRACTOR_FAILURE,0.7,8103,WITHOUT_FAMILY_BALANCING,36,0.1698211762836731,0.5842864923747276,0.16666666666666666,EXPLORATORY_DEVELOPMENT_NOT_CONFIRMATORY_EVIDENCE
TRUE_FLAW_ABLATION,DISTRACTOR_FAILURE,0.7,8103,WITHOUT_MISSINGNESS,36,0.1698211762836731,0.5842864923747276,0.16666666666666666,EXPLORATORY_DEVELOPMENT_NOT_CONFIRMATORY_EVIDENCE
TRUE_FLAW_ABLATION,DISTRACTOR_FAILURE,0.7,8103,WITHOUT_NEGATIVE_DISCRIMINATION,36,0.15252824431276124,0.5415985838779956,0.1388888888888889,EXPLORATORY_DEVELOPMENT_NOT_CONFIRMATORY_EVIDENCE
TRUE_FLAW_ABLATION,DISTRACTOR_FAILURE,0.7,8103,WITHOUT_SUBJECT_RESIDUAL,36,0.47797619047619044,0.6446078431372549,0.4166666666666667,EXPLORATORY_DEVELOPMENT_NOT_CONFIRMATORY_EVIDENCE
TRUE_FLAW_ABLATION,DISTRACTOR_FAILURE,0.7,8104,WITHOUT_DIFFICULTY_CORRECTION,36,0.129904801443198,0.4457380174291939,0.027777777777777776,EXPLORATORY_DEVELOPMENT_NOT_CONFIRMATORY_EVIDENCE
TRUE_FLAW_ABLATION,DISTRACTOR_FAILURE,0.7,8104,WITHOUT_DUPLICATE,36,0.14911812783913175,0.497140522875817,0.1388888888888889,EXPLORATORY_DEVELOPMENT_NOT_CONFIRMATORY_EVIDENCE
TRUE_FLAW_ABLATION,DISTRACTOR_FAILURE,0.7,8104,WITHOUT_FAMILY_BALANCING,36,0.14911812783913175,0.497140522875817,0.1388888888888889,EXPLORATORY_DEVELOPMENT_NOT_CONFIRMATORY_EVIDENCE
TRUE_FLAW_ABLATION,DISTRACTOR_FAILURE,0.7,8104,WITHOUT_MISSINGNESS,36,0.14911812783913175,0.497140522875817,0.1388888888888889,EXPLORATORY_DEVELOPMENT_NOT_CONFIRMATORY_EVIDENCE
TRUE_FLAW_ABLATION,DISTRACTOR_FAILURE,0.7,8104,WITHOUT_NEGATIVE_DISCRIMINATION,36,0.14761571895168882,0.48536220043572986,0.1388888888888889,EXPLORATORY_DEVELOPMENT_NOT_CONFIRMATORY_EVIDENCE
TRUE_FLAW_ABLATION,DISTRACTOR_FAILURE,0.7,8104,WITHOUT_SUBJECT_RESIDUAL,36,0.39002706851971564,0.6291530501089324,0.3888888888888889,EXPLORATORY_DEVELOPMENT_NOT_CONFIRMATORY_EVIDENCE
TRUE_FLAW_ABLATION,DISTRACTOR_FAILURE,0.7,8105,WITHOUT_DIFFICULTY_CORRECTION,36,0.2299216184272447,0.6856617647058824,0.2222222222222222,EXPLORATORY_DEVELOPMENT_NOT_CONFIRMATORY_EVIDENCE
TRUE_FLAW_ABLATION,DISTRACTOR_FAILURE,0.7,8105,WITHOUT_DUPLICATE,36,0.16311457193830597,0.5279820261437909,0.1111111111111111,EXPLORATORY_DEVELOPMENT_NOT_CONFIRMATORY_EVIDENCE
TRUE_FLAW_ABLATION,DISTRACTOR_FAILURE,0.7,8105,WITHOUT_FAMILY_BALANCING,36,0.16311457193830597,0.5279820261437909,0.1111111111111111,EXPLORATORY_DEVELOPMENT_NOT_CONFIRMATORY_EVIDENCE
TRUE_FLAW_ABLATION,DISTRACTOR_FAILURE,0.7,8105,WITHOUT_MISSINGNESS,36,0.16311457193830597,0.5279820261437909,0.1111111111111111,EXPLORATORY_DEVELOPMENT_NOT_CONFIRMATORY_EVIDENCE
TRUE_FLAW_ABLATION,DISTRACTOR_FAILURE,0.7,8105,WITHOUT_NEGATIVE_DISCRIMINATION,36,0.16342756588915297,0.5268927015250545,0.1111111111111111,EXPLORATORY_DEVELOPMENT_NOT_CONFIRMATORY_EVIDENCE
TRUE_FLAW_ABLATION,DISTRACTOR_FAILURE,0.7,8105,WITHOUT_SUBJECT_RESIDUAL,36,0.599903739852688,0.7239242919389978,0.5277777777777778,EXPLORATORY_DEVELOPMENT_NOT_CONFIRMATORY_EVIDENCE
TRUE_FLAW_ABLATION,DUPLICATE_ITEM,0.4,8101,WITHOUT_DIFFICULTY_CORRECTION,36,0.5625,0.9313725490196079,0.5625,EXPLORATORY_DEVELOPMENT_NOT_CONFIRMATORY_EVIDENCE
TRUE_FLAW_ABLATION,DUPLICATE_ITEM,0.4,8101,WITHOUT_DUPLICATE,36,0.16729366430198822,0.5165441176470589,0.1388888888888889,EXPLORATORY_DEVELOPMENT_NOT_CONFIRMATORY_EVIDENCE
TRUE_FLAW_ABLATION,DUPLICATE_ITEM,0.4,8101,WITHOUT_FAMILY_BALANCING,36,0.5902714946014456,0.9370915032679739,0.5555555555555556,EXPLORATORY_DEVELOPMENT_NOT_CONFIRMATORY_EVIDENCE
TRUE_FLAW_ABLATION,DUPLICATE_ITEM,0.4,8101,WITHOUT_MISSINGNESS,36,0.5902714946014456,0.9370915032679739,0.5555555555555556,EXPLORATORY_DEVELOPMENT_NOT_CONFIRMATORY_EVIDENCE
TRUE_FLAW_ABLATION,DUPLICATE_ITEM,0.4,8101,WITHOUT_NEGATIVE_DISCRIMINATION,36,0.5902714946014456,0.9370915032679739,0.5555555555555556,EXPLORATORY_DEVELOPMENT_NOT_CONFIRMATORY_EVIDENCE
TRUE_FLAW_ABLATION,DUPLICATE_ITEM,0.4,8101,WITHOUT_SUBJECT_RESIDUAL,36,0.5645695986941149,0.9349809368191722,0.6388888888888888,EXPLORATORY_DEVELOPMENT_NOT_CONFIRMATORY_EVIDENCE
TRUE_FLAW_ABLATION,DUPLICATE_ITEM,0.4,8102,WITHOUT_DIFFICULTY_CORRECTION,36,0.5806451612903226,0.9362745098039216,0.5806451612903225,EXPLORATORY_DEVELOPMENT_NOT_CONFIRMATORY_EVIDENCE
TRUE_FLAW_ABLATION,DUPLICATE_ITEM,0.4,8102,WITHOUT_DUPLICATE,36,0.15170448816447307,0.5161356209150327,0.1388888888888889,EXPLORATORY_DEVELOPMENT_NOT_CONFIRMATORY_EVIDENCE
TRUE_FLAW_ABLATION,DUPLICATE_ITEM,0.4,8102,WITHOUT_FAMILY_BALANCING,36,0.5731354090466615,0.931849128540305,0.5833333333333334,EXPLORATORY_DEVELOPMENT_NOT_CONFIRMATORY_EVIDENCE
TRUE_FLAW_ABLATION,DUPLICATE_ITEM,0.4,8102,WITHOUT_MISSINGNESS,36,0.5731354090466615,0.931849128540305,0.5833333333333334,EXPLORATORY_DEVELOPMENT_NOT_CONFIRMATORY_EVIDENCE
TRUE_FLAW_ABLATION,DUPLICATE_ITEM,0.4,8102,WITHOUT_NEGATIVE_DISCRIMINATION,36,0.5731354090466615,0.931849128540305,0.5833333333333334,EXPLORATORY_DEVELOPMENT_NOT_CONFIRMATORY_EVIDENCE
TRUE_FLAW_ABLATION,DUPLICATE_ITEM,0.4,8102,WITHOUT_SUBJECT_RESIDUAL,36,0.5629182578834775,0.9303513071895425,0.5555555555555556,EXPLORATORY_DEVELOPMENT_NOT_CONFIRMATORY_EVIDENCE
TRUE_FLAW_ABLATION,DUPLICATE_ITEM,0.4,8103,WITHOUT_DIFFICULTY_CORRECTION,36,0.6206896551724138,0.946078431372549,0.6206896551724138,EXPLORATORY_DEVELOPMENT_NOT_CONFIRMATORY_EVIDENCE
TRUE_FLAW_ABLATION,DUPLICATE_ITEM,0.4,8103,WITHOUT_DUPLICATE,36,0.17779621655474345,0.5556236383442266,0.19444444444444445,EXPLORATORY_DEVELOPMENT_NOT_CONFIRMATORY_EVIDENCE
TRUE_FLAW_ABLATION,DUPLICATE_ITEM,0.4,8103,WITHOUT_FAMILY_BALANCING,36,0.6421333301548029,0.94880174291939,0.6666666666666666,EXPLORATORY_DEVELOPMENT_NOT_CONFIRMATORY_EVIDENCE
TRUE_FLAW_ABLATION,DUPLICATE_ITEM,0.4,8103,WITHOUT_MISSINGNESS,36,0.6421333301548029,0.94880174291939,0.6666666666666666,EXPLORATORY_DEVELOPMENT_NOT_CONFIRMATORY_EVIDENCE
TRUE_FLAW_ABLATION,DUPLICATE_ITEM,0.4,8103,WITHOUT_NEGATIVE_DISCRIMINATION,36,0.6421333301548029,0.94880174291939,0.6666666666666666,EXPLORATORY_DEVELOPMENT_NOT_CONFIRMATORY_EVIDENCE
TRUE_FLAW_ABLATION,DUPLICATE_ITEM,0.4,8103,WITHOUT_SUBJECT_RESIDUAL,36,0.6944580591821915,0.9543164488017429,0.6666666666666666,EXPLORATORY_DEVELOPMENT_NOT_CONFIRMATORY_EVIDENCE
TRUE_FLAW_ABLATION,DUPLICATE_ITEM,0.4,8104,WITHOUT_DIFFICULTY_CORRECTION,36,0.5806451612903226,0.9362745098039216,0.5806451612903225,EXPLORATORY_DEVELOPMENT_NOT_CONFIRMATORY_EVIDENCE
TRUE_FLAW_ABLATION,DUPLICATE_ITEM,0.4,8104,WITHOUT_DUPLICATE,36,0.19468196834749818,0.5566448801742919,0.19444444444444445,EXPLORATORY_DEVELOPMENT_NOT_CONFIRMATORY_EVIDENCE
TRUE_FLAW_ABLATION,DUPLICATE_ITEM,0.4,8104,WITHOUT_FAMILY_BALANCING,36,0.5686733260184216,0.9332788671023965,0.5277777777777778,EXPLORATORY_DEVELOPMENT_NOT_CONFIRMATORY_EVIDENCE
TRUE_FLAW_ABLATION,DUPLICATE_ITEM,0.4,8104,WITHOUT_MISSINGNESS,36,0.5686733260184216,0.9332788671023965,0.5277777777777778,EXPLORATORY_DEVELOPMENT_NOT_CONFIRMATORY_EVIDENCE
TRUE_FLAW_ABLATION,DUPLICATE_ITEM,0.4,8104,WITHOUT_NEGATIVE_DISCRIMINATION,36,0.5686733260184216,0.9332788671023965,0.5277777777777778,EXPLORATORY_DEVELOPMENT_NOT_CONFIRMATORY_EVIDENCE
TRUE_FLAW_ABLATION,DUPLICATE_ITEM,0.4,8104,WITHOUT_SUBJECT_RESIDUAL,36,0.5799279032127954,0.9352532679738562,0.5555555555555556,EXPLORATORY_DEVELOPMENT_NOT_CONFIRMATORY_EVIDENCE
TRUE_FLAW_ABLATION,DUPLICATE_ITEM,0.4,8105,WITHOUT_DIFFICULTY_CORRECTION,36,0.5373134328358209,0.9240196078431373,0.5373134328358209,EXPLORATORY_DEVELOPMENT_NOT_CONFIRMATORY_EVIDENCE
TRUE_FLAW_ABLATION,DUPLICATE_ITEM,0.4,8105,WITHOUT_DUPLICATE,36,0.1320384229476646,0.4457380174291939,0.08333333333333333,EXPLORATORY_DEVELOPMENT_NOT_CONFIRMATORY_EVIDENCE
TRUE_FLAW_ABLATION,DUPLICATE_ITEM,0.4,8105,WITHOUT_FAMILY_BALANCING,36,0.608092809966063,0.9334150326797386,0.5833333333333334,EXPLORATORY_DEVELOPMENT_NOT_CONFIRMATORY_EVIDENCE
TRUE_FLAW_ABLATION,DUPLICATE_ITEM,0.4,8105,WITHOUT_MISSINGNESS,36,0.608092809966063,0.9334150326797386,0.5833333333333334,EXPLORATORY_DEVELOPMENT_NOT_CONFIRMATORY_EVIDENCE
TRUE_FLAW_ABLATION,DUPLICATE_ITEM,0.4,8105,WITHOUT_NEGATIVE_DISCRIMINATION,36,0.608092809966063,0.9334150326797386,0.5833333333333334,EXPLORATORY_DEVELOPMENT_NOT_CONFIRMATORY_EVIDENCE
TRUE_FLAW_ABLATION,DUPLICATE_ITEM,0.4,8105,WITHOUT_SUBJECT_RESIDUAL,36,0.6331969067383478,0.9368872549019608,0.6111111111111112,EXPLORATORY_DEVELOPMENT_NOT_CONFIRMATORY_EVIDENCE
TRUE_FLAW_ABLATION,DUPLICATE_ITEM,0.7,8101,WITHOUT_DIFFICULTY_CORRECTION,36,0.5454545454545454,0.9264705882352942,0.5454545454545454,EXPLORATORY_DEVELOPMENT_NOT_CONFIRMATORY_EVIDENCE
TRUE_FLAW_ABLATION,DUPLICATE_ITEM,0.7,8101,WITHOUT_DUPLICATE,36,0.14366668645811198,0.4161900871459695,0.08333333333333333,EXPLORATORY_DEVELOPMENT_NOT_CONFIRMATORY_EVIDENCE
TRUE_FLAW_ABLATION,DUPLICATE_ITEM,0.7,8101,WITHOUT_FAMILY_BALANCING,36,0.5483045677715205,0.9270833333333334,0.5555555555555556,EXPLORATORY_DEVELOPMENT_NOT_CONFIRMATORY_EVIDENCE
TRUE_FLAW_ABLATION,DUPLICATE_ITEM,0.7,8101,WITHOUT_MISSINGNESS,36,0.5483045677715205,0.9270833333333334,0.5555555555555556,EXPLORATORY_DEVELOPMENT_NOT_CONFIRMATORY_EVIDENCE
TRUE_FLAW_ABLATION,DUPLICATE_ITEM,0.7,8101,WITHOUT_NEGATIVE_DISCRIMINATION,36,0.5483045677715205,0.9270833333333334,0.5555555555555556,EXPLORATORY_DEVELOPMENT_NOT_CONFIRMATORY_EVIDENCE
TRUE_FLAW_ABLATION,DUPLICATE_ITEM,0.7,8101,WITHOUT_SUBJECT_RESIDUAL,36,0.5250296067787147,0.9295343137254902,0.5694444444444444,EXPLORATORY_DEVELOPMENT_NOT_CONFIRMATORY_EVIDENCE
TRUE_FLAW_ABLATION,DUPLICATE_ITEM,0.7,8102,WITHOUT_DIFFICULTY_CORRECTION,36,0.5806451612903226,0.9362745098039216,0.5806451612903225,EXPLORATORY_DEVELOPMENT_NOT_CONFIRMATORY_EVIDENCE
TRUE_FLAW_ABLATION,DUPLICATE_ITEM,0.7,8102,WITHOUT_DUPLICATE,36,0.1843771820282784,0.539828431372549,0.19444444444444445,EXPLORATORY_DEVELOPMENT_NOT_CONFIRMATORY_EVIDENCE
TRUE_FLAW_ABLATION,DUPLICATE_ITEM,0.7,8102,WITHOUT_FAMILY_BALANCING,36,0.5970932846423408,0.9324618736383442,0.5185185185185186,EXPLORATORY_DEVELOPMENT_NOT_CONFIRMATORY_EVIDENCE
TRUE_FLAW_ABLATION,DUPLICATE_ITEM,0.7,8102,WITHOUT_MISSINGNESS,36,0.5970932846423408,0.9324618736383442,0.5185185185185186,EXPLORATORY_DEVELOPMENT_NOT_CONFIRMATORY_EVIDENCE
TRUE_FLAW_ABLATION,DUPLICATE_ITEM,0.7,8102,WITHOUT_NEGATIVE_DISCRIMINATION,36,0.5970932846423408,0.9324618736383442,0.5185185185185186,EXPLORATORY_DEVELOPMENT_NOT_CONFIRMATORY_EVIDENCE
TRUE_FLAW_ABLATION,DUPLICATE_ITEM,0.7,8102,WITHOUT_SUBJECT_RESIDUAL,36,0.5746210702639478,0.9338916122004357,0.5833333333333334,EXPLORATORY_DEVELOPMENT_NOT_CONFIRMATORY_EVIDENCE
TRUE_FLAW_ABLATION,DUPLICATE_ITEM,0.7,8103,WITHOUT_DIFFICULTY_CORRECTION,36,0.5538461538461539,0.928921568627451,0.5538461538461539,EXPLORATORY_DEVELOPMENT_NOT_CONFIRMATORY_EVIDENCE
TRUE_FLAW_ABLATION,DUPLICATE_ITEM,0.7,8103,WITHOUT_DUPLICATE,36,0.1344164221271934,0.429125816993464,0.1111111111111111,EXPLORATORY_DEVELOPMENT_NOT_CONFIRMATORY_EVIDENCE
TRUE_FLAW_ABLATION,DUPLICATE_ITEM,0.7,8103,WITHOUT_FAMILY_BALANCING,36,0.6538399742690849,0.9413807189542484,0.5555555555555556,EXPLORATORY_DEVELOPMENT_NOT_CONFIRMATORY_EVIDENCE
TRUE_FLAW_ABLATION,DUPLICATE_ITEM,0.7,8103,WITHOUT_MISSINGNESS,36,0.6538399742690849,0.9413807189542484,0.5555555555555556,EXPLORATORY_DEVELOPMENT_NOT_CONFIRMATORY_EVIDENCE
TRUE_FLAW_ABLATION,DUPLICATE_ITEM,0.7,8103,WITHOUT_NEGATIVE_DISCRIMINATION,36,0.6538399742690849,0.9413807189542484,0.5555555555555556,EXPLORATORY_DEVELOPMENT_NOT_CONFIRMATORY_EVIDENCE
TRUE_FLAW_ABLATION,DUPLICATE_ITEM,0.7,8103,WITHOUT_SUBJECT_RESIDUAL,36,0.5867168800696116,0.9402233115468409,0.6111111111111112,EXPLORATORY_DEVELOPMENT_NOT_CONFIRMATORY_EVIDENCE
TRUE_FLAW_ABLATION,DUPLICATE_ITEM,0.7,8104,WITHOUT_DIFFICULTY_CORRECTION,36,0.5901639344262295,0.9387254901960784,0.5901639344262295,EXPLORATORY_DEVELOPMENT_NOT_CONFIRMATORY_EVIDENCE
TRUE_FLAW_ABLATION,DUPLICATE_ITEM,0.7,8104,WITHOUT_DUPLICATE,36,0.13454103583349453,0.4404956427015251,0.05555555555555555,EXPLORATORY_DEVELOPMENT_NOT_CONFIRMATORY_EVIDENCE
TRUE_FLAW_ABLATION,DUPLICATE_ITEM,0.7,8104,WITHOUT_FAMILY_BALANCING,36,0.601409707109213,0.9390659041394336,0.6388888888888888,EXPLORATORY_DEVELOPMENT_NOT_CONFIRMATORY_EVIDENCE
TRUE_FLAW_ABLATION,DUPLICATE_ITEM,0.7,8104,WITHOUT_MISSINGNESS,36,0.601409707109213,0.9390659041394336,0.6388888888888888,EXPLORATORY_DEVELOPMENT_NOT_CONFIRMATORY_EVIDENCE
TRUE_FLAW_ABLATION,DUPLICATE_ITEM,0.7,8104,WITHOUT_NEGATIVE_DISCRIMINATION,36,0.601409707109213,0.9390659041394336,0.6388888888888888,EXPLORATORY_DEVELOPMENT_NOT_CONFIRMATORY_EVIDENCE
TRUE_FLAW_ABLATION,DUPLICATE_ITEM,0.7,8104,WITHOUT_SUBJECT_RESIDUAL,36,0.6229196034485915,0.9398148148148148,0.5833333333333334,EXPLORATORY_DEVELOPMENT_NOT_CONFIRMATORY_EVIDENCE
TRUE_FLAW_ABLATION,DUPLICATE_ITEM,0.7,8105,WITHOUT_DIFFICULTY_CORRECTION,36,0.5454545454545454,0.9264705882352942,0.5454545454545454,EXPLORATORY_DEVELOPMENT_NOT_CONFIRMATORY_EVIDENCE
TRUE_FLAW_ABLATION,DUPLICATE_ITEM,0.7,8105,WITHOUT_DUPLICATE,36,0.15805322868997135,0.5240332244008714,0.19444444444444445,EXPLORATORY_DEVELOPMENT_NOT_CONFIRMATORY_EVIDENCE
TRUE_FLAW_ABLATION,DUPLICATE_ITEM,0.7,8105,WITHOUT_FAMILY_BALANCING,36,0.525393438901075,0.9187091503267973,0.5,EXPLORATORY_DEVELOPMENT_NOT_CONFIRMATORY_EVIDENCE
TRUE_FLAW_ABLATION,DUPLICATE_ITEM,0.7,8105,WITHOUT_MISSINGNESS,36,0.525393438901075,0.9187091503267973,0.5,EXPLORATORY_DEVELOPMENT_NOT_CONFIRMATORY_EVIDENCE
TRUE_FLAW_ABLATION,DUPLICATE_ITEM,0.7,8105,WITHOUT_NEGATIVE_DISCRIMINATION,36,0.525393438901075,0.9187091503267973,0.5,EXPLORATORY_DEVELOPMENT_NOT_CONFIRMATORY_EVIDENCE
TRUE_FLAW_ABLATION,DUPLICATE_ITEM,0.7,8105,WITHOUT_SUBJECT_RESIDUAL,36,0.5149113720712375,0.9243600217864923,0.5555555555555556,EXPLORATORY_DEVELOPMENT_NOT_CONFIRMATORY_EVIDENCE
TRUE_FLAW_ABLATION,LABEL_ERROR,0.4,8101,WITHOUT_DIFFICULTY_CORRECTION,36,0.10655353011999225,0.3233932461873638,0.0,EXPLORATORY_DEVELOPMENT_NOT_CONFIRMATORY_EVIDENCE
TRUE_FLAW_ABLATION,LABEL_ERROR,0.4,8101,WITHOUT_DUPLICATE,36,0.14807740209434417,0.49584694989106753,0.1388888888888889,EXPLORATORY_DEVELOPMENT_NOT_CONFIRMATORY_EVIDENCE
TRUE_FLAW_ABLATION,LABEL_ERROR,0.4,8101,WITHOUT_FAMILY_BALANCING,36,0.14807740209434417,0.49584694989106753,0.1388888888888889,EXPLORATORY_DEVELOPMENT_NOT_CONFIRMATORY_EVIDENCE
TRUE_FLAW_ABLATION,LABEL_ERROR,0.4,8101,WITHOUT_MISSINGNESS,36,0.14807740209434417,0.49584694989106753,0.1388888888888889,EXPLORATORY_DEVELOPMENT_NOT_CONFIRMATORY_EVIDENCE
TRUE_FLAW_ABLATION,LABEL_ERROR,0.4,8101,WITHOUT_NEGATIVE_DISCRIMINATION,36,0.13898495294726168,0.4596269063180828,0.1111111111111111,EXPLORATORY_DEVELOPMENT_NOT_CONFIRMATORY_EVIDENCE
TRUE_FLAW_ABLATION,LABEL_ERROR,0.4,8101,WITHOUT_SUBJECT_RESIDUAL,36,0.28839179040791946,0.5793845315904139,0.3055555555555556,EXPLORATORY_DEVELOPMENT_NOT_CONFIRMATORY_EVIDENCE
TRUE_FLAW_ABLATION,LABEL_ERROR,0.4,8102,WITHOUT_DIFFICULTY_CORRECTION,36,0.09886915640659609,0.2494553376906318,0.0,EXPLORATORY_DEVELOPMENT_NOT_CONFIRMATORY_EVIDENCE
TRUE_FLAW_ABLATION,LABEL_ERROR,0.4,8102,WITHOUT_DUPLICATE,36,0.13725587958012758,0.4035947712418301,0.1111111111111111,EXPLORATORY_DEVELOPMENT_NOT_CONFIRMATORY_EVIDENCE
TRUE_FLAW_ABLATION,LABEL_ERROR,0.4,8102,WITHOUT_FAMILY_BALANCING,36,0.13725587958012758,0.4035947712418301,0.1111111111111111,EXPLORATORY_DEVELOPMENT_NOT_CONFIRMATORY_EVIDENCE
TRUE_FLAW_ABLATION,LABEL_ERROR,0.4,8102,WITHOUT_MISSINGNESS,36,0.13725587958012758,0.4035947712418301,0.1111111111111111,EXPLORATORY_DEVELOPMENT_NOT_CONFIRMATORY_EVIDENCE
TRUE_FLAW_ABLATION,LABEL_ERROR,0.4,8102,WITHOUT_NEGATIVE_DISCRIMINATION,36,0.13755825163326416,0.40032679738562094,0.1111111111111111,EXPLORATORY_DEVELOPMENT_NOT_CONFIRMATORY_EVIDENCE
TRUE_FLAW_ABLATION,LABEL_ERROR,0.4,8102,WITHOUT_SUBJECT_RESIDUAL,36,0.4035841583550299,0.7802968409586056,0.4722222222222222,EXPLORATORY_DEVELOPMENT_NOT_CONFIRMATORY_EVIDENCE
TRUE_FLAW_ABLATION,LABEL_ERROR,0.4,8103,WITHOUT_DIFFICULTY_CORRECTION,36,0.10717632039028133,0.32284858387799564,0.0,EXPLORATORY_DEVELOPMENT_NOT_CONFIRMATORY_EVIDENCE
TRUE_FLAW_ABLATION,LABEL_ERROR,0.4,8103,WITHOUT_DUPLICATE,36,0.15050401151940573,0.4891067538126362,0.1388888888888889,EXPLORATORY_DEVELOPMENT_NOT_CONFIRMATORY_EVIDENCE
TRUE_FLAW_ABLATION,LABEL_ERROR,0.4,8103,WITHOUT_FAMILY_BALANCING,36,0.15050401151940573,0.4891067538126362,0.1388888888888889,EXPLORATORY_DEVELOPMENT_NOT_CONFIRMATORY_EVIDENCE
TRUE_FLAW_ABLATION,LABEL_ERROR,0.4,8103,WITHOUT_MISSINGNESS,36,0.15050401151940573,0.4891067538126362,0.1388888888888889,EXPLORATORY_DEVELOPMENT_NOT_CONFIRMATORY_EVIDENCE
TRUE_FLAW_ABLATION,LABEL_ERROR,0.4,8103,WITHOUT_NEGATIVE_DISCRIMINATION,36,0.14236797801133513,0.4576525054466231,0.1111111111111111,EXPLORATORY_DEVELOPMENT_NOT_CONFIRMATORY_EVIDENCE
TRUE_FLAW_ABLATION,LABEL_ERROR,0.4,8103,WITHOUT_SUBJECT_RESIDUAL,36,0.31048407610907613,0.5960648148148148,0.3055555555555556,EXPLORATORY_DEVELOPMENT_NOT_CONFIRMATORY_EVIDENCE
TRUE_FLAW_ABLATION,LABEL_ERROR,0.4,8104,WITHOUT_DIFFICULTY_CORRECTION,36,0.11575632981638281,0.3655364923747277,0.08333333333333333,EXPLORATORY_DEVELOPMENT_NOT_CONFIRMATORY_EVIDENCE
TRUE_FLAW_ABLATION,LABEL_ERROR,0.4,8104,WITHOUT_DUPLICATE,36,0.15589919707804725,0.4621459694989107,0.1388888888888889,EXPLORATORY_DEVELOPMENT_NOT_CONFIRMATORY_EVIDENCE
TRUE_FLAW_ABLATION,LABEL_ERROR,0.4,8104,WITHOUT_FAMILY_BALANCING,36,0.15589919707804725,0.4621459694989107,0.1388888888888889,EXPLORATORY_DEVELOPMENT_NOT_CONFIRMATORY_EVIDENCE
TRUE_FLAW_ABLATION,LABEL_ERROR,0.4,8104,WITHOUT_MISSINGNESS,36,0.15589919707804725,0.4621459694989107,0.1388888888888889,EXPLORATORY_DEVELOPMENT_NOT_CONFIRMATORY_EVIDENCE
TRUE_FLAW_ABLATION,LABEL_ERROR,0.4,8104,WITHOUT_NEGATIVE_DISCRIMINATION,36,0.14547761699026468,0.39610566448801743,0.09722222222222222,EXPLORATORY_DEVELOPMENT_NOT_CONFIRMATORY_EVIDENCE
TRUE_FLAW_ABLATION,LABEL_ERROR,0.4,8104,WITHOUT_SUBJECT_RESIDUAL,36,0.3844367305667616,0.650871459694989,0.3611111111111111,EXPLORATORY_DEVELOPMENT_NOT_CONFIRMATORY_EVIDENCE
TRUE_FLAW_ABLATION,LABEL_ERROR,0.4,8105,WITHOUT_DIFFICULTY_CORRECTION,36,0.10318734934319414,0.28955610021786493,0.0,EXPLORATORY_DEVELOPMENT_NOT_CONFIRMATORY_EVIDENCE
TRUE_FLAW_ABLATION,LABEL_ERROR,0.4,8105,WITHOUT_DUPLICATE,36,0.1356444400949749,0.4319852941176471,0.08333333333333333,EXPLORATORY_DEVELOPMENT_NOT_CONFIRMATORY_EVIDENCE
TRUE_FLAW_ABLATION,LABEL_ERROR,0.4,8105,WITHOUT_FAMILY_BALANCING,36,0.1356444400949749,0.4319852941176471,0.08333333333333333,EXPLORATORY_DEVELOPMENT_NOT_CONFIRMATORY_EVIDENCE
TRUE_FLAW_ABLATION,LABEL_ERROR,0.4,8105,WITHOUT_MISSINGNESS,36,0.1356444400949749,0.4319852941176471,0.08333333333333333,EXPLORATORY_DEVELOPMENT_NOT_CONFIRMATORY_EVIDENCE
TRUE_FLAW_ABLATION,LABEL_ERROR,0.4,8105,WITHOUT_NEGATIVE_DISCRIMINATION,36,0.13664022490523714,0.4330746187363834,0.08333333333333333,EXPLORATORY_DEVELOPMENT_NOT_CONFIRMATORY_EVIDENCE
TRUE_FLAW_ABLATION,LABEL_ERROR,0.4,8105,WITHOUT_SUBJECT_RESIDUAL,36,0.384659476326143,0.6175789760348583,0.3611111111111111,EXPLORATORY_DEVELOPMENT_NOT_CONFIRMATORY_EVIDENCE
TRUE_FLAW_ABLATION,LABEL_ERROR,0.7,8101,WITHOUT_DIFFICULTY_CORRECTION,36,0.11724798482539332,0.3933142701525055,0.0,EXPLORATORY_DEVELOPMENT_NOT_CONFIRMATORY_EVIDENCE
TRUE_FLAW_ABLATION,LABEL_ERROR,0.7,8101,WITHOUT_DUPLICATE,36,0.2659297817192554,0.5215822440087146,0.25,EXPLORATORY_DEVELOPMENT_NOT_CONFIRMATORY_EVIDENCE
TRUE_FLAW_ABLATION,LABEL_ERROR,0.7,8101,WITHOUT_FAMILY_BALANCING,36,0.2659297817192554,0.5215822440087146,0.25,EXPLORATORY_DEVELOPMENT_NOT_CONFIRMATORY_EVIDENCE
TRUE_FLAW_ABLATION,LABEL_ERROR,0.7,8101,WITHOUT_MISSINGNESS,36,0.2659297817192554,0.5215822440087146,0.25,EXPLORATORY_DEVELOPMENT_NOT_CONFIRMATORY_EVIDENCE
TRUE_FLAW_ABLATION,LABEL_ERROR,0.7,8101,WITHOUT_NEGATIVE_DISCRIMINATION,36,0.18155402979700364,0.46119281045751637,0.19444444444444445,EXPLORATORY_DEVELOPMENT_NOT_CONFIRMATORY_EVIDENCE
TRUE_FLAW_ABLATION,LABEL_ERROR,0.7,8101,WITHOUT_SUBJECT_RESIDUAL,36,0.5117223399138292,0.7208605664488017,0.5,EXPLORATORY_DEVELOPMENT_NOT_CONFIRMATORY_EVIDENCE
TRUE_FLAW_ABLATION,LABEL_ERROR,0.7,8102,WITHOUT_DIFFICULTY_CORRECTION,36,0.14243424778042796,0.5132080610021786,0.027777777777777776,EXPLORATORY_DEVELOPMENT_NOT_CONFIRMATORY_EVIDENCE
TRUE_FLAW_ABLATION,LABEL_ERROR,0.7,8102,WITHOUT_DUPLICATE,36,0.22935039132246043,0.6072984749455338,0.3055555555555556,EXPLORATORY_DEVELOPMENT_NOT_CONFIRMATORY_EVIDENCE
TRUE_FLAW_ABLATION,LABEL_ERROR,0.7,8102,WITHOUT_FAMILY_BALANCING,36,0.22935039132246043,0.6072984749455338,0.3055555555555556,EXPLORATORY_DEVELOPMENT_NOT_CONFIRMATORY_EVIDENCE
TRUE_FLAW_ABLATION,LABEL_ERROR,0.7,8102,WITHOUT_MISSINGNESS,36,0.22935039132246043,0.6072984749455338,0.3055555555555556,EXPLORATORY_DEVELOPMENT_NOT_CONFIRMATORY_EVIDENCE
TRUE_FLAW_ABLATION,LABEL_ERROR,0.7,8102,WITHOUT_NEGATIVE_DISCRIMINATION,36,0.12831873445870148,0.3726171023965142,0.027777777777777776,EXPLORATORY_DEVELOPMENT_NOT_CONFIRMATORY_EVIDENCE
TRUE_FLAW_ABLATION,LABEL_ERROR,0.7,8102,WITHOUT_SUBJECT_RESIDUAL,36,0.8336407713689662,0.9003948801742919,0.7777777777777778,EXPLORATORY_DEVELOPMENT_NOT_CONFIRMATORY_EVIDENCE
TRUE_FLAW_ABLATION,LABEL_ERROR,0.7,8103,WITHOUT_DIFFICULTY_CORRECTION,36,0.12621166504048711,0.4412445533769063,0.027777777777777776,EXPLORATORY_DEVELOPMENT_NOT_CONFIRMATORY_EVIDENCE
TRUE_FLAW_ABLATION,LABEL_ERROR,0.7,8103,WITHOUT_DUPLICATE,36,0.2395494166119943,0.6226851851851852,0.25,EXPLORATORY_DEVELOPMENT_NOT_CONFIRMATORY_EVIDENCE
TRUE_FLAW_ABLATION,LABEL_ERROR,0.7,8103,WITHOUT_FAMILY_BALANCING,36,0.2395494166119943,0.6226851851851852,0.25,EXPLORATORY_DEVELOPMENT_NOT_CONFIRMATORY_EVIDENCE
TRUE_FLAW_ABLATION,LABEL_ERROR,0.7,8103,WITHOUT_MISSINGNESS,36,0.2395494166119943,0.6226851851851852,0.25,EXPLORATORY_DEVELOPMENT_NOT_CONFIRMATORY_EVIDENCE
TRUE_FLAW_ABLATION,LABEL_ERROR,0.7,8103,WITHOUT_NEGATIVE_DISCRIMINATION,36,0.15784707665771014,0.5104166666666666,0.19444444444444445,EXPLORATORY_DEVELOPMENT_NOT_CONFIRMATORY_EVIDENCE
TRUE_FLAW_ABLATION,LABEL_ERROR,0.7,8103,WITHOUT_SUBJECT_RESIDUAL,36,0.6436917785064559,0.8088916122004357,0.6666666666666666,EXPLORATORY_DEVELOPMENT_NOT_CONFIRMATORY_EVIDENCE
TRUE_FLAW_ABLATION,LABEL_ERROR,0.7,8104,WITHOUT_DIFFICULTY_CORRECTION,36,0.1508658797321331,0.5012254901960784,0.1111111111111111,EXPLORATORY_DEVELOPMENT_NOT_CONFIRMATORY_EVIDENCE
TRUE_FLAW_ABLATION,LABEL_ERROR,0.7,8104,WITHOUT_DUPLICATE,36,0.2285838857292897,0.6483523965141612,0.25,EXPLORATORY_DEVELOPMENT_NOT_CONFIRMATORY_EVIDENCE
TRUE_FLAW_ABLATION,LABEL_ERROR,0.7,8104,WITHOUT_FAMILY_BALANCING,36,0.2285838857292897,0.6483523965141612,0.25,EXPLORATORY_DEVELOPMENT_NOT_CONFIRMATORY_EVIDENCE
TRUE_FLAW_ABLATION,LABEL_ERROR,0.7,8104,WITHOUT_MISSINGNESS,36,0.2285838857292897,0.6483523965141612,0.25,EXPLORATORY_DEVELOPMENT_NOT_CONFIRMATORY_EVIDENCE
TRUE_FLAW_ABLATION,LABEL_ERROR,0.7,8104,WITHOUT_NEGATIVE_DISCRIMINATION,36,0.16461150999547108,0.5279820261437909,0.16666666666666666,EXPLORATORY_DEVELOPMENT_NOT_CONFIRMATORY_EVIDENCE
TRUE_FLAW_ABLATION,LABEL_ERROR,0.7,8104,WITHOUT_SUBJECT_RESIDUAL,36,0.7406183403990421,0.8296568627450981,0.6944444444444444,EXPLORATORY_DEVELOPMENT_NOT_CONFIRMATORY_EVIDENCE
TRUE_FLAW_ABLATION,LABEL_ERROR,0.7,8105,WITHOUT_DIFFICULTY_CORRECTION,36,0.11518028452761732,0.38105936819172115,0.027777777777777776,EXPLORATORY_DEVELOPMENT_NOT_CONFIRMATORY_EVIDENCE
TRUE_FLAW_ABLATION,LABEL_ERROR,0.7,8105,WITHOUT_DUPLICATE,36,0.22538666881225122,0.5747549019607843,0.2777777777777778,EXPLORATORY_DEVELOPMENT_NOT_CONFIRMATORY_EVIDENCE
TRUE_FLAW_ABLATION,LABEL_ERROR,0.7,8105,WITHOUT_FAMILY_BALANCING,36,0.22538666881225122,0.5747549019607843,0.2777777777777778,EXPLORATORY_DEVELOPMENT_NOT_CONFIRMATORY_EVIDENCE
TRUE_FLAW_ABLATION,LABEL_ERROR,0.7,8105,WITHOUT_MISSINGNESS,36,0.22538666881225122,0.5747549019607843,0.2777777777777778,EXPLORATORY_DEVELOPMENT_NOT_CONFIRMATORY_EVIDENCE
TRUE_FLAW_ABLATION,LABEL_ERROR,0.7,8105,WITHOUT_NEGATIVE_DISCRIMINATION,36,0.14163435439389777,0.4414488017429194,0.1388888888888889,EXPLORATORY_DEVELOPMENT_NOT_CONFIRMATORY_EVIDENCE
TRUE_FLAW_ABLATION,LABEL_ERROR,0.7,8105,WITHOUT_SUBJECT_RESIDUAL,36,0.6704420490757538,0.7950027233115469,0.6388888888888888,EXPLORATORY_DEVELOPMENT_NOT_CONFIRMATORY_EVIDENCE
TRUE_FLAW_ABLATION,MISSINGNESS,0.4,8101,WITHOUT_DIFFICULTY_CORRECTION,36,0.3637598524320107,0.7950708061002179,0.2777777777777778,EXPLORATORY_DEVELOPMENT_NOT_CONFIRMATORY_EVIDENCE
TRUE_FLAW_ABLATION,MISSINGNESS,0.4,8101,WITHOUT_DUPLICATE,36,0.4093082185569278,0.7040441176470589,0.4166666666666667,EXPLORATORY_DEVELOPMENT_NOT_CONFIRMATORY_EVIDENCE
TRUE_FLAW_ABLATION,MISSINGNESS,0.4,8101,WITHOUT_FAMILY_BALANCING,36,0.3974205579478232,0.6985294117647058,0.4166666666666667,EXPLORATORY_DEVELOPMENT_NOT_CONFIRMATORY_EVIDENCE
TRUE_FLAW_ABLATION,MISSINGNESS,0.4,8101,WITHOUT_MISSINGNESS,36,0.15597475997734553,0.4848856209150327,0.19444444444444445,EXPLORATORY_DEVELOPMENT_NOT_CONFIRMATORY_EVIDENCE
TRUE_FLAW_ABLATION,MISSINGNESS,0.4,8101,WITHOUT_NEGATIVE_DISCRIMINATION,36,0.4093082185569278,0.7040441176470589,0.4166666666666667,EXPLORATORY_DEVELOPMENT_NOT_CONFIRMATORY_EVIDENCE
TRUE_FLAW_ABLATION,MISSINGNESS,0.4,8101,WITHOUT_SUBJECT_RESIDUAL,36,1.0,1.0,1.0,EXPLORATORY_DEVELOPMENT_NOT_CONFIRMATORY_EVIDENCE
TRUE_FLAW_ABLATION,MISSINGNESS,0.4,8102,WITHOUT_DIFFICULTY_CORRECTION,36,0.23021702222701937,0.7022058823529411,0.1388888888888889,EXPLORATORY_DEVELOPMENT_NOT_CONFIRMATORY_EVIDENCE
TRUE_FLAW_ABLATION,MISSINGNESS,0.4,8102,WITHOUT_DUPLICATE,36,0.5061460073473768,0.7615740740740741,0.5,EXPLORATORY_DEVELOPMENT_NOT_CONFIRMATORY_EVIDENCE
TRUE_FLAW_ABLATION,MISSINGNESS,0.4,8102,WITHOUT_FAMILY_BALANCING,36,0.49887538365415685,0.8158360566448801,0.5,EXPLORATORY_DEVELOPMENT_NOT_CONFIRMATORY_EVIDENCE
TRUE_FLAW_ABLATION,MISSINGNESS,0.4,8102,WITHOUT_MISSINGNESS,36,0.15722945578797431,0.47290305010893247,0.16666666666666666,EXPLORATORY_DEVELOPMENT_NOT_CONFIRMATORY_EVIDENCE
TRUE_FLAW_ABLATION,MISSINGNESS,0.4,8102,WITHOUT_NEGATIVE_DISCRIMINATION,36,0.5062289557998906,0.7606209150326797,0.5,EXPLORATORY_DEVELOPMENT_NOT_CONFIRMATORY_EVIDENCE
TRUE_FLAW_ABLATION,MISSINGNESS,0.4,8102,WITHOUT_SUBJECT_RESIDUAL,36,0.9985380116959064,0.9997276688453159,0.9722222222222222,EXPLORATORY_DEVELOPMENT_NOT_CONFIRMATORY_EVIDENCE
TRUE_FLAW_ABLATION,MISSINGNESS,0.4,8103,WITHOUT_DIFFICULTY_CORRECTION,36,0.23848523903328656,0.690359477124183,0.05555555555555555,EXPLORATORY_DEVELOPMENT_NOT_CONFIRMATORY_EVIDENCE
TRUE_FLAW_ABLATION,MISSINGNESS,0.4,8103,WITHOUT_DUPLICATE,36,0.41222348499566835,0.7416938997821351,0.4166666666666667,EXPLORATORY_DEVELOPMENT_NOT_CONFIRMATORY_EVIDENCE
TRUE_FLAW_ABLATION,MISSINGNESS,0.4,8103,WITHOUT_FAMILY_BALANCING,36,0.47651758806282596,0.8056236383442266,0.4722222222222222,EXPLORATORY_DEVELOPMENT_NOT_CONFIRMATORY_EVIDENCE
TRUE_FLAW_ABLATION,MISSINGNESS,0.4,8103,WITHOUT_MISSINGNESS,36,0.16643293345935845,0.48992374727668847,0.19444444444444445,EXPLORATORY_DEVELOPMENT_NOT_CONFIRMATORY_EVIDENCE
TRUE_FLAW_ABLATION,MISSINGNESS,0.4,8103,WITHOUT_NEGATIVE_DISCRIMINATION,36,0.41257526510471737,0.7420343137254902,0.4166666666666667,EXPLORATORY_DEVELOPMENT_NOT_CONFIRMATORY_EVIDENCE
TRUE_FLAW_ABLATION,MISSINGNESS,0.4,8103,WITHOUT_SUBJECT_RESIDUAL,36,0.9954258659367018,0.9991830065359477,0.9444444444444444,EXPLORATORY_DEVELOPMENT_NOT_CONFIRMATORY_EVIDENCE
TRUE_FLAW_ABLATION,MISSINGNESS,0.4,8104,WITHOUT_DIFFICULTY_CORRECTION,36,0.23831836527656355,0.7160947712418301,0.1388888888888889,EXPLORATORY_DEVELOPMENT_NOT_CONFIRMATORY_EVIDENCE
TRUE_FLAW_ABLATION,MISSINGNESS,0.4,8104,WITHOUT_DUPLICATE,36,0.5888158292027605,0.8820125272331155,0.6111111111111112,EXPLORATORY_DEVELOPMENT_NOT_CONFIRMATORY_EVIDENCE
TRUE_FLAW_ABLATION,MISSINGNESS,0.4,8104,WITHOUT_FAMILY_BALANCING,36,0.5924044316976426,0.8897058823529411,0.6666666666666666,EXPLORATORY_DEVELOPMENT_NOT_CONFIRMATORY_EVIDENCE
TRUE_FLAW_ABLATION,MISSINGNESS,0.4,8104,WITHOUT_MISSINGNESS,36,0.21230465124365888,0.5495642701525054,0.25,EXPLORATORY_DEVELOPMENT_NOT_CONFIRMATORY_EVIDENCE
TRUE_FLAW_ABLATION,MISSINGNESS,0.4,8104,WITHOUT_NEGATIVE_DISCRIMINATION,36,0.5888158292027605,0.8820125272331155,0.6111111111111112,EXPLORATORY_DEVELOPMENT_NOT_CONFIRMATORY_EVIDENCE
TRUE_FLAW_ABLATION,MISSINGNESS,0.4,8104,WITHOUT_SUBJECT_RESIDUAL,36,1.0,1.0,1.0,EXPLORATORY_DEVELOPMENT_NOT_CONFIRMATORY_EVIDENCE
TRUE_FLAW_ABLATION,MISSINGNESS,0.4,8105,WITHOUT_DIFFICULTY_CORRECTION,36,0.24795215353222297,0.7351579520697168,0.1388888888888889,EXPLORATORY_DEVELOPMENT_NOT_CONFIRMATORY_EVIDENCE
TRUE_FLAW_ABLATION,MISSINGNESS,0.4,8105,WITHOUT_DUPLICATE,36,0.4458414015982675,0.7662037037037037,0.4722222222222222,EXPLORATORY_DEVELOPMENT_NOT_CONFIRMATORY_EVIDENCE
TRUE_FLAW_ABLATION,MISSINGNESS,0.4,8105,WITHOUT_FAMILY_BALANCING,36,0.4689940520324004,0.8009259259259259,0.5,EXPLORATORY_DEVELOPMENT_NOT_CONFIRMATORY_EVIDENCE
TRUE_FLAW_ABLATION,MISSINGNESS,0.4,8105,WITHOUT_MISSINGNESS,36,0.15091528465213783,0.4646650326797386,0.16666666666666666,EXPLORATORY_DEVELOPMENT_NOT_CONFIRMATORY_EVIDENCE
TRUE_FLAW_ABLATION,MISSINGNESS,0.4,8105,WITHOUT_NEGATIVE_DISCRIMINATION,36,0.4458414015982675,0.7662037037037037,0.4722222222222222,EXPLORATORY_DEVELOPMENT_NOT_CONFIRMATORY_EVIDENCE
TRUE_FLAW_ABLATION,MISSINGNESS,0.4,8105,WITHOUT_SUBJECT_RESIDUAL,36,1.0,1.0,1.0,EXPLORATORY_DEVELOPMENT_NOT_CONFIRMATORY_EVIDENCE
TRUE_FLAW_ABLATION,MISSINGNESS,0.7,8101,WITHOUT_DIFFICULTY_CORRECTION,36,0.6611349791777423,0.9452614379084967,0.6388888888888888,EXPLORATORY_DEVELOPMENT_NOT_CONFIRMATORY_EVIDENCE
TRUE_FLAW_ABLATION,MISSINGNESS,0.7,8101,WITHOUT_DUPLICATE,36,0.8391197302964539,0.9246323529411765,0.75,EXPLORATORY_DEVELOPMENT_NOT_CONFIRMATORY_EVIDENCE
TRUE_FLAW_ABLATION,MISSINGNESS,0.7,8101,WITHOUT_FAMILY_BALANCING,36,0.8530316535796911,0.9146241830065359,0.7777777777777778,EXPLORATORY_DEVELOPMENT_NOT_CONFIRMATORY_EVIDENCE
TRUE_FLAW_ABLATION,MISSINGNESS,0.7,8101,WITHOUT_MISSINGNESS,36,0.1830738972477588,0.4955746187363834,0.2222222222222222,EXPLORATORY_DEVELOPMENT_NOT_CONFIRMATORY_EVIDENCE
TRUE_FLAW_ABLATION,MISSINGNESS,0.7,8101,WITHOUT_NEGATIVE_DISCRIMINATION,36,0.8386844659723007,0.9242238562091504,0.75,EXPLORATORY_DEVELOPMENT_NOT_CONFIRMATORY_EVIDENCE
TRUE_FLAW_ABLATION,MISSINGNESS,0.7,8101,WITHOUT_SUBJECT_RESIDUAL,36,1.0,1.0,1.0,EXPLORATORY_DEVELOPMENT_NOT_CONFIRMATORY_EVIDENCE
TRUE_FLAW_ABLATION,MISSINGNESS,0.7,8102,WITHOUT_DIFFICULTY_CORRECTION,36,0.5570986229657426,0.9256535947712419,0.5277777777777778,EXPLORATORY_DEVELOPMENT_NOT_CONFIRMATORY_EVIDENCE
TRUE_FLAW_ABLATION,MISSINGNESS,0.7,8102,WITHOUT_DUPLICATE,36,0.6804947705997335,0.8001089324618736,0.5833333333333334,EXPLORATORY_DEVELOPMENT_NOT_CONFIRMATORY_EVIDENCE
TRUE_FLAW_ABLATION,MISSINGNESS,0.7,8102,WITHOUT_FAMILY_BALANCING,36,0.6823886267355025,0.7962962962962963,0.6111111111111112,EXPLORATORY_DEVELOPMENT_NOT_CONFIRMATORY_EVIDENCE
TRUE_FLAW_ABLATION,MISSINGNESS,0.7,8102,WITHOUT_MISSINGNESS,36,0.13546152963011487,0.3877995642701525,0.05555555555555555,EXPLORATORY_DEVELOPMENT_NOT_CONFIRMATORY_EVIDENCE
TRUE_FLAW_ABLATION,MISSINGNESS,0.7,8102,WITHOUT_NEGATIVE_DISCRIMINATION,36,0.6804947705997335,0.8001089324618736,0.5833333333333334,EXPLORATORY_DEVELOPMENT_NOT_CONFIRMATORY_EVIDENCE
TRUE_FLAW_ABLATION,MISSINGNESS,0.7,8102,WITHOUT_SUBJECT_RESIDUAL,36,1.0,1.0,1.0,EXPLORATORY_DEVELOPMENT_NOT_CONFIRMATORY_EVIDENCE
TRUE_FLAW_ABLATION,MISSINGNESS,0.7,8103,WITHOUT_DIFFICULTY_CORRECTION,36,0.6574678149587492,0.9449210239651417,0.6388888888888888,EXPLORATORY_DEVELOPMENT_NOT_CONFIRMATORY_EVIDENCE
TRUE_FLAW_ABLATION,MISSINGNESS,0.7,8103,WITHOUT_DUPLICATE,36,0.8515391358480988,0.9317129629629629,0.75,EXPLORATORY_DEVELOPMENT_NOT_CONFIRMATORY_EVIDENCE
TRUE_FLAW_ABLATION,MISSINGNESS,0.7,8103,WITHOUT_FAMILY_BALANCING,36,0.8608059393798623,0.9400871459694989,0.7777777777777778,EXPLORATORY_DEVELOPMENT_NOT_CONFIRMATORY_EVIDENCE
TRUE_FLAW_ABLATION,MISSINGNESS,0.7,8103,WITHOUT_MISSINGNESS,36,0.15961343640919334,0.4933959694989107,0.16666666666666666,EXPLORATORY_DEVELOPMENT_NOT_CONFIRMATORY_EVIDENCE
TRUE_FLAW_ABLATION,MISSINGNESS,0.7,8103,WITHOUT_NEGATIVE_DISCRIMINATION,36,0.8515391358480988,0.9317129629629629,0.75,EXPLORATORY_DEVELOPMENT_NOT_CONFIRMATORY_EVIDENCE
TRUE_FLAW_ABLATION,MISSINGNESS,0.7,8103,WITHOUT_SUBJECT_RESIDUAL,36,1.0,1.0,1.0,EXPLORATORY_DEVELOPMENT_NOT_CONFIRMATORY_EVIDENCE
TRUE_FLAW_ABLATION,MISSINGNESS,0.7,8104,WITHOUT_DIFFICULTY_CORRECTION,36,0.5532346515561848,0.9137391067538126,0.5,EXPLORATORY_DEVELOPMENT_NOT_CONFIRMATORY_EVIDENCE
TRUE_FLAW_ABLATION,MISSINGNESS,0.7,8104,WITHOUT_DUPLICATE,36,0.7988706862393267,0.8622004357298475,0.75,EXPLORATORY_DEVELOPMENT_NOT_CONFIRMATORY_EVIDENCE
TRUE_FLAW_ABLATION,MISSINGNESS,0.7,8104,WITHOUT_FAMILY_BALANCING,36,0.8395200019703989,0.8937227668845316,0.75,EXPLORATORY_DEVELOPMENT_NOT_CONFIRMATORY_EVIDENCE
TRUE_FLAW_ABLATION,MISSINGNESS,0.7,8104,WITHOUT_MISSINGNESS,36,0.13621198339068608,0.3756127450980392,0.08333333333333333,EXPLORATORY_DEVELOPMENT_NOT_CONFIRMATORY_EVIDENCE
TRUE_FLAW_ABLATION,MISSINGNESS,0.7,8104,WITHOUT_NEGATIVE_DISCRIMINATION,36,0.7988706862393267,0.8622004357298475,0.75,EXPLORATORY_DEVELOPMENT_NOT_CONFIRMATORY_EVIDENCE
TRUE_FLAW_ABLATION,MISSINGNESS,0.7,8104,WITHOUT_SUBJECT_RESIDUAL,36,1.0,1.0,1.0,EXPLORATORY_DEVELOPMENT_NOT_CONFIRMATORY_EVIDENCE
TRUE_FLAW_ABLATION,MISSINGNESS,0.7,8105,WITHOUT_DIFFICULTY_CORRECTION,36,0.5755812636354951,0.9203431372549019,0.5555555555555556,EXPLORATORY_DEVELOPMENT_NOT_CONFIRMATORY_EVIDENCE
TRUE_FLAW_ABLATION,MISSINGNESS,0.7,8105,WITHOUT_DUPLICATE,36,0.8271711877122325,0.8939270152505446,0.75,EXPLORATORY_DEVELOPMENT_NOT_CONFIRMATORY_EVIDENCE
TRUE_FLAW_ABLATION,MISSINGNESS,0.7,8105,WITHOUT_FAMILY_BALANCING,36,0.8191652831198103,0.9134667755991286,0.6944444444444444,EXPLORATORY_DEVELOPMENT_NOT_CONFIRMATORY_EVIDENCE
TRUE_FLAW_ABLATION,MISSINGNESS,0.7,8105,WITHOUT_MISSINGNESS,36,0.22376605826737908,0.5039488017429193,0.25,EXPLORATORY_DEVELOPMENT_NOT_CONFIRMATORY_EVIDENCE
TRUE_FLAW_ABLATION,MISSINGNESS,0.7,8105,WITHOUT_NEGATIVE_DISCRIMINATION,36,0.8271711877122325,0.8939270152505446,0.75,EXPLORATORY_DEVELOPMENT_NOT_CONFIRMATORY_EVIDENCE
TRUE_FLAW_ABLATION,MISSINGNESS,0.7,8105,WITHOUT_SUBJECT_RESIDUAL,36,1.0,1.0,1.0,EXPLORATORY_DEVELOPMENT_NOT_CONFIRMATORY_EVIDENCE
