model_count,scenario,method,pair_count,discoveries,decision_density,false_discoveries,fdr,fwer,power,directional_error,materiality_threshold
5,GLOBAL_NULL,NONE,10,0,0.0,0,0.0,0.0,0.0,0.0,0.01
5,GLOBAL_NULL,BH,10,0,0.0,0,0.0,0.0,0.0,0.0,0.01
5,GLOBAL_NULL,BY,10,0,0.0,0,0.0,0.0,0.0,0.0,0.01
5,GLOBAL_NULL,HOLM,10,0,0.0,0,0.0,0.0,0.0,0.0,0.01
5,ONE_CLEAR_WINNER,NONE,10,4,0.4,0,0.0,0.0,1.0,0.0,0.01
5,ONE_CLEAR_WINNER,BH,10,3,0.3,0,0.0,0.0,0.75,0.0,0.01
5,ONE_CLEAR_WINNER,BY,10,0,0.0,0,0.0,0.0,0.0,0.0,0.01
5,ONE_CLEAR_WINNER,HOLM,10,2,0.2,0,0.0,0.0,0.5,0.0,0.01
5,DENSE_NEAR_TIES,NONE,10,1,0.1,0,0.0,0.0,0.1,0.0,0.01
5,DENSE_NEAR_TIES,BH,10,0,0.0,0,0.0,0.0,0.0,0.0,0.01
5,DENSE_NEAR_TIES,BY,10,0,0.0,0,0.0,0.0,0.0,0.0,0.01
5,DENSE_NEAR_TIES,HOLM,10,0,0.0,0,0.0,0.0,0.0,0.0,0.01
10,GLOBAL_NULL,NONE,45,0,0.0,0,0.0,0.0,0.0,0.0,0.01
10,GLOBAL_NULL,BH,45,0,0.0,0,0.0,0.0,0.0,0.0,0.01
10,GLOBAL_NULL,BY,45,0,0.0,0,0.0,0.0,0.0,0.0,0.01
10,GLOBAL_NULL,HOLM,45,0,0.0,0,0.0,0.0,0.0,0.0,0.01
10,ONE_CLEAR_WINNER,NONE,45,9,0.2,0,0.0,0.0,1.0,0.0,0.01
10,ONE_CLEAR_WINNER,BH,45,0,0.0,0,0.0,0.0,0.0,0.0,0.01
10,ONE_CLEAR_WINNER,BY,45,0,0.0,0,0.0,0.0,0.0,0.0,0.01
10,ONE_CLEAR_WINNER,HOLM,45,0,0.0,0,0.0,0.0,0.0,0.0,0.01
10,DENSE_NEAR_TIES,NONE,45,2,0.044444444444444446,0,0.0,0.0,0.05555555555555555,0.0,0.01
10,DENSE_NEAR_TIES,BH,45,0,0.0,0,0.0,0.0,0.0,0.0,0.01
10,DENSE_NEAR_TIES,BY,45,0,0.0,0,0.0,0.0,0.0,0.0,0.01
10,DENSE_NEAR_TIES,HOLM,45,0,0.0,0,0.0,0.0,0.0,0.0,0.01
20,GLOBAL_NULL,NONE,190,0,0.0,0,0.0,0.0,0.0,0.0,0.01
20,GLOBAL_NULL,BH,190,0,0.0,0,0.0,0.0,0.0,0.0,0.01
20,GLOBAL_NULL,BY,190,0,0.0,0,0.0,0.0,0.0,0.0,0.01
20,GLOBAL_NULL,HOLM,190,0,0.0,0,0.0,0.0,0.0,0.0,0.01
20,ONE_CLEAR_WINNER,NONE,190,19,0.1,0,0.0,0.0,1.0,0.0,0.01
20,ONE_CLEAR_WINNER,BH,190,0,0.0,0,0.0,0.0,0.0,0.0,0.01
20,ONE_CLEAR_WINNER,BY,190,0,0.0,0,0.0,0.0,0.0,0.0,0.01
20,ONE_CLEAR_WINNER,HOLM,190,0,0.0,0,0.0,0.0,0.0,0.0,0.01
20,DENSE_NEAR_TIES,NONE,190,3,0.015789473684210527,0,0.0,0.0,0.022058823529411766,0.0,0.01
20,DENSE_NEAR_TIES,BH,190,0,0.0,0,0.0,0.0,0.0,0.0,0.01
20,DENSE_NEAR_TIES,BY,190,0,0.0,0,0.0,0.0,0.0,0.0,0.01
20,DENSE_NEAR_TIES,HOLM,190,0,0.0,0,0.0,0.0,0.0,0.0,0.01
30,GLOBAL_NULL,NONE,435,0,0.0,0,0.0,0.0,0.0,0.0,0.01
30,GLOBAL_NULL,BH,435,0,0.0,0,0.0,0.0,0.0,0.0,0.01
30,GLOBAL_NULL,BY,435,0,0.0,0,0.0,0.0,0.0,0.0,0.01
30,GLOBAL_NULL,HOLM,435,0,0.0,0,0.0,0.0,0.0,0.0,0.01
30,ONE_CLEAR_WINNER,NONE,435,29,0.06666666666666667,0,0.0,0.0,1.0,0.0,0.01
30,ONE_CLEAR_WINNER,BH,435,0,0.0,0,0.0,0.0,0.0,0.0,0.01
30,ONE_CLEAR_WINNER,BY,435,0,0.0,0,0.0,0.0,0.0,0.0,0.01
30,ONE_CLEAR_WINNER,HOLM,435,0,0.0,0,0.0,0.0,0.0,0.0,0.01
30,DENSE_NEAR_TIES,NONE,435,3,0.006896551724137931,0,0.0,0.0,0.01,0.0,0.01
30,DENSE_NEAR_TIES,BH,435,0,0.0,0,0.0,0.0,0.0,0.0,0.01
30,DENSE_NEAR_TIES,BY,435,0,0.0,0,0.0,0.0,0.0,0.0,0.01
30,DENSE_NEAR_TIES,HOLM,435,0,0.0,0,0.0,0.0,0.0,0.0,0.01
40,GLOBAL_NULL,NONE,780,0,0.0,0,0.0,0.0,0.0,0.0,0.01
40,GLOBAL_NULL,BH,780,0,0.0,0,0.0,0.0,0.0,0.0,0.01
40,GLOBAL_NULL,BY,780,0,0.0,0,0.0,0.0,0.0,0.0,0.01
40,GLOBAL_NULL,HOLM,780,0,0.0,0,0.0,0.0,0.0,0.0,0.01
40,ONE_CLEAR_WINNER,NONE,780,39,0.05,0,0.0,0.0,1.0,0.0,0.01
40,ONE_CLEAR_WINNER,BH,780,0,0.0,0,0.0,0.0,0.0,0.0,0.01
40,ONE_CLEAR_WINNER,BY,780,0,0.0,0,0.0,0.0,0.0,0.0,0.01
40,ONE_CLEAR_WINNER,HOLM,780,0,0.0,0,0.0,0.0,0.0,0.0,0.01
40,DENSE_NEAR_TIES,NONE,780,9,0.011538461538461539,0,0.0,0.0,0.017045454545454544,0.0,0.01
40,DENSE_NEAR_TIES,BH,780,0,0.0,0,0.0,0.0,0.0,0.0,0.01
40,DENSE_NEAR_TIES,BY,780,0,0.0,0,0.0,0.0,0.0,0.0,0.01
40,DENSE_NEAR_TIES,HOLM,780,0,0.0,0,0.0,0.0,0.0,0.0,0.01
50,GLOBAL_NULL,NONE,1225,0,0.0,0,0.0,0.0,0.0,0.0,0.01
50,GLOBAL_NULL,BH,1225,0,0.0,0,0.0,0.0,0.0,0.0,0.01
50,GLOBAL_NULL,BY,1225,0,0.0,0,0.0,0.0,0.0,0.0,0.01
50,GLOBAL_NULL,HOLM,1225,0,0.0,0,0.0,0.0,0.0,0.0,0.01
50,ONE_CLEAR_WINNER,NONE,1225,49,0.04,0,0.0,0.0,1.0,0.0,0.01
50,ONE_CLEAR_WINNER,BH,1225,0,0.0,0,0.0,0.0,0.0,0.0,0.01
50,ONE_CLEAR_WINNER,BY,1225,0,0.0,0,0.0,0.0,0.0,0.0,0.01
50,ONE_CLEAR_WINNER,HOLM,1225,0,0.0,0,0.0,0.0,0.0,0.0,0.01
50,DENSE_NEAR_TIES,NONE,1225,9,0.007346938775510204,0,0.0,0.0,0.01097560975609756,0.0,0.01
50,DENSE_NEAR_TIES,BH,1225,0,0.0,0,0.0,0.0,0.0,0.0,0.01
50,DENSE_NEAR_TIES,BY,1225,0,0.0,0,0.0,0.0,0.0,0.0,0.01
50,DENSE_NEAR_TIES,HOLM,1225,0,0.0,0,0.0,0.0,0.0,0.0,0.01
