split,policy_id,claim_family,effect_size,effective_n,family_correlation,multiplicity,benchmark_count,false_license_rate,false_license_upper_95,true_license_power,abstention_rate,false_block_rate,decision_regret,coverage,license_precision,license_recall,licensed_count,true_supported_count,null_count,observation_count
POLICY_CONFIRMATION,HIGH_COVERAGE,ITEM_DIAGNOSTICS,0.0,24,0.3,1,1,0.0,0.0,0.0,1.0,1.0,0.0,1.0,0.0,0.0,0,0,1,1
POLICY_CONFIRMATION,HIGH_COVERAGE,ITEM_DIAGNOSTICS,0.0,24,0.3,1,5,0.0,0.0,0.0,1.0,1.0,0.0,1.0,0.0,0.0,0,0,1,1
POLICY_CONFIRMATION,HIGH_COVERAGE,ITEM_DIAGNOSTICS,0.0,24,0.3,12,3,0.0,0.0,0.0,1.0,1.0,0.0,0.9166666666666666,0.0,0.0,0,0,24,24
POLICY_CONFIRMATION,HIGH_COVERAGE,ITEM_DIAGNOSTICS,0.0,24,0.3,40,1,0.0,0.0,0.0,1.0,1.0,0.0,0.7416666666666667,0.0,0.0,0,0,120,120
POLICY_CONFIRMATION,HIGH_COVERAGE,ITEM_DIAGNOSTICS,0.0,24,0.72,1,1,1.0,1.0,0.0,0.0,1.0,0.03448578860054013,0.0,0.0,0.0,1,0,1,1
POLICY_CONFIRMATION,HIGH_COVERAGE,ITEM_DIAGNOSTICS,0.0,24,0.72,1,3,0.3333333333333333,0.8667777662061142,0.0,0.6666666666666667,1.0,0.0758738106672203,0.6666666666666666,0.0,0.0,1,0,3,3
POLICY_CONFIRMATION,HIGH_COVERAGE,ITEM_DIAGNOSTICS,0.0,24,0.72,12,1,0.0,0.0,0.0,1.0,1.0,0.0,1.0,0.0,0.0,0,0,12,12
POLICY_CONFIRMATION,HIGH_COVERAGE,ITEM_DIAGNOSTICS,0.0,24,0.72,12,5,0.0,0.0,0.0,1.0,1.0,0.0,0.9166666666666666,0.0,0.0,0,0,12,12
POLICY_CONFIRMATION,HIGH_COVERAGE,ITEM_DIAGNOSTICS,0.0,24,0.72,40,5,0.0,0.0,0.0,1.0,1.0,0.0,0.675,0.0,0.0,0,0,40,40
POLICY_CONFIRMATION,HIGH_COVERAGE,ITEM_DIAGNOSTICS,0.0,72,0.3,1,3,0.0,0.0,0.0,1.0,1.0,0.0,1.0,0.0,0.0,0,0,3,3
POLICY_CONFIRMATION,HIGH_COVERAGE,ITEM_DIAGNOSTICS,0.0,72,0.3,12,1,0.0,0.0,0.0,1.0,1.0,0.0,0.6666666666666666,0.0,0.0,0,0,12,12
POLICY_CONFIRMATION,HIGH_COVERAGE,ITEM_DIAGNOSTICS,0.0,72,0.3,40,1,0.0,0.0,0.0,1.0,1.0,0.0,0.9,0.0,0.0,0,0,40,40
POLICY_CONFIRMATION,HIGH_COVERAGE,ITEM_DIAGNOSTICS,0.0,72,0.3,40,5,0.0,0.0,0.0,1.0,1.0,0.0,0.85,0.0,0.0,0,0,40,40
POLICY_CONFIRMATION,HIGH_COVERAGE,ITEM_DIAGNOSTICS,0.0,72,0.72,1,1,0.0,0.0,0.0,1.0,1.0,0.0,1.0,0.0,0.0,0,0,2,2
POLICY_CONFIRMATION,HIGH_COVERAGE,ITEM_DIAGNOSTICS,0.0,72,0.72,12,3,0.0,0.0,0.0,1.0,1.0,0.0,0.08333333333333333,0.0,0.0,0,0,12,12
POLICY_CONFIRMATION,HIGH_COVERAGE,ITEM_DIAGNOSTICS,0.0,72,0.72,12,5,0.0,0.0,0.0,1.0,1.0,0.0,0.9583333333333334,0.0,0.0,0,0,24,24
POLICY_CONFIRMATION,HIGH_COVERAGE,ITEM_DIAGNOSTICS,0.0,72,0.72,40,1,0.0,0.0,0.0,1.0,1.0,0.0,0.95,0.0,0.0,0,0,40,40
POLICY_CONFIRMATION,HIGH_COVERAGE,ITEM_DIAGNOSTICS,0.0,72,0.72,40,3,0.0,0.0,0.0,1.0,1.0,0.0,1.0,0.0,0.0,0,0,40,40
POLICY_CONFIRMATION,HIGH_COVERAGE,ITEM_DIAGNOSTICS,0.0,180,0.3,1,1,0.0,0.0,0.0,1.0,1.0,0.0,0.5,0.0,0.0,0,0,2,2
POLICY_CONFIRMATION,HIGH_COVERAGE,ITEM_DIAGNOSTICS,0.0,180,0.3,1,3,0.0,0.0,0.0,1.0,1.0,0.0,1.0,0.0,0.0,0,0,1,1
POLICY_CONFIRMATION,HIGH_COVERAGE,ITEM_DIAGNOSTICS,0.0,180,0.3,12,5,0.0,0.0,0.0,1.0,1.0,0.0,0.8333333333333334,0.0,0.0,0,0,36,36
POLICY_CONFIRMATION,HIGH_COVERAGE,ITEM_DIAGNOSTICS,0.0,180,0.3,40,3,0.0,0.0,0.0,1.0,1.0,0.0,0.75,0.0,0.0,0,0,40,40
POLICY_CONFIRMATION,HIGH_COVERAGE,ITEM_DIAGNOSTICS,0.0,180,0.72,1,3,0.0,0.0,0.0,1.0,1.0,0.0,1.0,0.0,0.0,0,0,2,2
POLICY_CONFIRMATION,HIGH_COVERAGE,ITEM_DIAGNOSTICS,0.0,180,0.72,12,3,0.08333333333333333,0.23971309426686854,0.0,0.9166666666666666,1.0,0.019016572481006123,0.3333333333333333,0.0,0.0,1,0,12,12
POLICY_CONFIRMATION,HIGH_COVERAGE,ITEM_DIAGNOSTICS,0.0,180,0.72,40,1,0.0,0.0,0.0,1.0,1.0,0.0,0.9166666666666666,0.0,0.0,0,0,120,120
POLICY_CONFIRMATION,HIGH_COVERAGE,ITEM_DIAGNOSTICS,0.04,24,0.3,1,1,0.0,0.0,0.0,1.0,1.0,0.0,0.0,0.0,0.0,0,1,0,1
POLICY_CONFIRMATION,HIGH_COVERAGE,ITEM_DIAGNOSTICS,0.04,24,0.3,12,3,0.0,0.0,0.0,1.0,1.0,0.0,0.8333333333333334,0.0,0.0,0,6,6,12
POLICY_CONFIRMATION,HIGH_COVERAGE,ITEM_DIAGNOSTICS,0.04,24,0.3,12,5,0.0,0.0,0.0,1.0,1.0,0.0,0.6666666666666666,0.0,0.0,0,12,12,24
POLICY_CONFIRMATION,HIGH_COVERAGE,ITEM_DIAGNOSTICS,0.04,24,0.3,40,1,0.0,0.0,0.21666666666666667,0.8916666666666666,0.7833333333333333,0.032889831129028615,0.725,1.0,0.21666666666666667,13,60,60,120
POLICY_CONFIRMATION,HIGH_COVERAGE,ITEM_DIAGNOSTICS,0.04,24,0.93,1,1,0.0,0.0,0.0,1.0,1.0,0.0,1.0,0.0,0.0,0,1,0,1
POLICY_CONFIRMATION,HIGH_COVERAGE,ITEM_DIAGNOSTICS,0.04,24,0.93,1,3,0.0,0.0,0.3333333333333333,0.6666666666666667,0.6666666666666667,0.07956644340278604,0.6666666666666666,1.0,0.3333333333333333,1,3,0,3
POLICY_CONFIRMATION,HIGH_COVERAGE,ITEM_DIAGNOSTICS,0.04,24,0.93,12,1,0.0,0.0,0.0,1.0,1.0,0.0,0.16666666666666666,0.0,0.0,0,6,6,12
POLICY_CONFIRMATION,HIGH_COVERAGE,ITEM_DIAGNOSTICS,0.04,24,0.93,12,5,0.0,0.0,0.0,1.0,1.0,0.0,1.0,0.0,0.0,0,6,6,12
POLICY_CONFIRMATION,HIGH_COVERAGE,ITEM_DIAGNOSTICS,0.04,24,0.93,40,5,0.0,0.0,0.0,1.0,1.0,0.0,1.0,0.0,0.0,0,20,20,40
POLICY_CONFIRMATION,HIGH_COVERAGE,ITEM_DIAGNOSTICS,0.04,72,0.3,1,3,0.0,0.0,0.0,1.0,1.0,0.0,1.0,0.0,0.0,0,2,0,2
POLICY_CONFIRMATION,HIGH_COVERAGE,ITEM_DIAGNOSTICS,0.04,72,0.3,12,1,0.0,0.0,1.0,0.5,0.0,0.010739404722773674,0.6666666666666666,1.0,1.0,6,6,6,12
POLICY_CONFIRMATION,HIGH_COVERAGE,ITEM_DIAGNOSTICS,0.04,72,0.3,12,3,0.0,0.0,0.0,1.0,1.0,0.0,0.6666666666666666,0.0,0.0,0,6,6,12
POLICY_CONFIRMATION,HIGH_COVERAGE,ITEM_DIAGNOSTICS,0.04,72,0.3,40,1,0.0,0.0,0.0,1.0,1.0,0.0,0.85,0.0,0.0,0,20,20,40
POLICY_CONFIRMATION,HIGH_COVERAGE,ITEM_DIAGNOSTICS,0.04,72,0.3,40,5,0.0,0.0,0.0,1.0,1.0,0.0,0.9,0.0,0.0,0,20,20,40
POLICY_CONFIRMATION,HIGH_COVERAGE,ITEM_DIAGNOSTICS,0.04,72,0.93,1,1,0.0,0.0,0.0,1.0,1.0,0.0,1.0,0.0,0.0,0,2,0,2
POLICY_CONFIRMATION,HIGH_COVERAGE,ITEM_DIAGNOSTICS,0.04,72,0.93,12,5,0.0,0.0,0.5,0.75,0.5,0.014970889603799616,0.6388888888888888,1.0,0.5,9,18,18,36
POLICY_CONFIRMATION,HIGH_COVERAGE,ITEM_DIAGNOSTICS,0.04,72,0.93,40,1,0.0,0.0,0.0,1.0,1.0,0.0,1.0,0.0,0.0,0,20,20,40
POLICY_CONFIRMATION,HIGH_COVERAGE,ITEM_DIAGNOSTICS,0.04,72,0.93,40,3,0.0,0.0,0.0,1.0,1.0,0.0,0.125,0.0,0.0,0,20,20,40
POLICY_CONFIRMATION,HIGH_COVERAGE,ITEM_DIAGNOSTICS,0.04,180,0.3,1,1,0.0,0.0,1.0,0.0,0.0,0.005782302437108942,1.0,1.0,1.0,2,2,0,2
POLICY_CONFIRMATION,HIGH_COVERAGE,ITEM_DIAGNOSTICS,0.04,180,0.3,1,3,0.0,0.0,1.0,0.0,0.0,0.002901411956662825,1.0,1.0,1.0,1,1,0,1
POLICY_CONFIRMATION,HIGH_COVERAGE,ITEM_DIAGNOSTICS,0.04,180,0.3,12,5,0.0,0.0,0.9444444444444444,0.5277777777777778,0.05555555555555558,0.005778156244286868,0.8055555555555556,1.0,0.9444444444444444,17,18,18,36
POLICY_CONFIRMATION,HIGH_COVERAGE,ITEM_DIAGNOSTICS,0.04,180,0.3,40,3,0.0,0.0,1.0,0.5,0.0,0.003744870603962961,0.925,1.0,1.0,20,20,20,40
POLICY_CONFIRMATION,HIGH_COVERAGE,ITEM_DIAGNOSTICS,0.04,180,0.93,1,5,0.0,0.0,0.0,1.0,1.0,0.0,1.0,0.0,0.0,0,1,0,1
POLICY_CONFIRMATION,HIGH_COVERAGE,ITEM_DIAGNOSTICS,0.04,180,0.93,12,3,0.0,0.0,0.0,1.0,1.0,0.0,1.0,0.0,0.0,0,12,12,24
POLICY_CONFIRMATION,HIGH_COVERAGE,ITEM_DIAGNOSTICS,0.04,180,0.93,40,1,0.0,0.0,0.3333333333333333,0.8333333333333334,0.6666666666666667,0.0014353292524685248,0.9666666666666667,1.0,0.3333333333333333,20,60,60,120
POLICY_CONFIRMATION,HIGH_COVERAGE,ITEM_DIAGNOSTICS,0.085,24,0.72,1,1,0.0,0.0,1.0,0.0,0.0,0.011031282633652217,1.0,1.0,1.0,1,1,0,1
POLICY_CONFIRMATION,HIGH_COVERAGE,ITEM_DIAGNOSTICS,0.085,24,0.72,12,3,0.0,0.0,0.0,1.0,1.0,0.0,1.0,0.0,0.0,0,6,6,12
POLICY_CONFIRMATION,HIGH_COVERAGE,ITEM_DIAGNOSTICS,0.085,24,0.72,12,5,0.0,0.0,0.0,1.0,1.0,0.0,0.7916666666666666,0.0,0.0,0,12,12,24
POLICY_CONFIRMATION,HIGH_COVERAGE,ITEM_DIAGNOSTICS,0.085,24,0.72,40,1,0.0,0.0,0.0,1.0,1.0,0.0,0.9,0.0,0.0,0,40,40,80
POLICY_CONFIRMATION,HIGH_COVERAGE,ITEM_DIAGNOSTICS,0.085,24,0.72,40,3,0.0,0.0,0.0,1.0,1.0,0.0,0.575,0.0,0.0,0,20,20,40
POLICY_CONFIRMATION,HIGH_COVERAGE,ITEM_DIAGNOSTICS,0.085,24,0.93,1,3,0.0,0.0,0.5,0.5,0.5,0.02959397198407681,0.75,1.0,0.5,2,4,0,4
POLICY_CONFIRMATION,HIGH_COVERAGE,ITEM_DIAGNOSTICS,0.085,24,0.93,12,1,0.0,0.0,1.0,0.5,0.0,0.006270649075828433,1.0,1.0,1.0,6,6,6,12
POLICY_CONFIRMATION,HIGH_COVERAGE,ITEM_DIAGNOSTICS,0.085,24,0.93,40,5,0.0,0.0,0.0,1.0,1.0,0.0,0.6125,0.0,0.0,0,40,40,80
POLICY_CONFIRMATION,HIGH_COVERAGE,ITEM_DIAGNOSTICS,0.085,72,0.72,1,3,0.0,0.0,0.5,0.5,0.5,0.0014018826821390468,1.0,1.0,0.5,1,2,0,2
POLICY_CONFIRMATION,HIGH_COVERAGE,ITEM_DIAGNOSTICS,0.085,72,0.72,12,3,0.0,0.0,0.0,1.0,1.0,0.0,0.4166666666666667,0.0,0.0,0,6,6,12
POLICY_CONFIRMATION,HIGH_COVERAGE,ITEM_DIAGNOSTICS,0.085,72,0.72,40,1,0.0,0.0,0.0,1.0,1.0,0.0,0.8,0.0,0.0,0,40,40,80
POLICY_CONFIRMATION,HIGH_COVERAGE,ITEM_DIAGNOSTICS,0.085,72,0.72,40,5,0.0,0.0,0.0,1.0,1.0,0.0,1.0,0.0,0.0,0,20,20,40
POLICY_CONFIRMATION,HIGH_COVERAGE,ITEM_DIAGNOSTICS,0.085,72,0.93,1,1,0.0,0.0,1.0,0.0,0.0,0.005378932168536937,1.0,1.0,1.0,2,2,0,2
POLICY_CONFIRMATION,HIGH_COVERAGE,ITEM_DIAGNOSTICS,0.085,72,0.93,12,5,0.0,0.0,1.0,0.5,0.0,0.011489187344928618,0.8611111111111112,1.0,1.0,18,18,18,36
POLICY_CONFIRMATION,HIGH_COVERAGE,ITEM_DIAGNOSTICS,0.085,72,0.93,40,3,0.0,0.0,0.5,0.75,0.5,0.011872154145827157,0.5125,1.0,0.5,20,40,40,80
POLICY_CONFIRMATION,HIGH_COVERAGE,ITEM_DIAGNOSTICS,0.085,180,0.72,1,1,0.0,0.0,0.0,1.0,1.0,0.0,1.0,0.0,0.0,0,1,0,1
POLICY_CONFIRMATION,HIGH_COVERAGE,ITEM_DIAGNOSTICS,0.085,180,0.72,1,3,0.0,0.0,0.0,1.0,1.0,0.0,0.0,0.0,0.0,0,2,0,2
POLICY_CONFIRMATION,HIGH_COVERAGE,ITEM_DIAGNOSTICS,0.085,180,0.72,12,5,0.0,0.0,1.0,0.5,0.0,0.0084392194139864,0.8333333333333334,1.0,1.0,12,12,12,24
POLICY_CONFIRMATION,HIGH_COVERAGE,ITEM_DIAGNOSTICS,0.085,180,0.72,40,3,0.0,0.0,0.0,1.0,1.0,0.0,0.05,0.0,0.0,0,20,20,40
POLICY_CONFIRMATION,HIGH_COVERAGE,ITEM_DIAGNOSTICS,0.085,180,0.72,40,5,0.0,0.0,1.0,0.5,0.0,0.0031632372851966286,0.95,1.0,1.0,20,20,20,40
POLICY_CONFIRMATION,HIGH_COVERAGE,ITEM_DIAGNOSTICS,0.085,180,0.93,1,5,0.0,0.0,1.0,0.0,0.0,0.01470778835131896,0.0,1.0,1.0,1,1,0,1
POLICY_CONFIRMATION,HIGH_COVERAGE,ITEM_DIAGNOSTICS,0.085,180,0.93,12,3,0.08333333333333333,0.23971309426686854,0.5,0.7083333333333333,0.5,0.013028626203278113,0.5,0.8571428571428571,0.5,7,12,12,24
POLICY_CONFIRMATION,HIGH_COVERAGE,ITEM_DIAGNOSTICS,0.085,180,0.93,40,1,0.0,0.0,0.6666666666666666,0.6666666666666667,0.33333333333333337,0.012003114506410204,0.3416666666666667,1.0,0.6666666666666666,40,60,60,120
POLICY_CONFIRMATION,HIGH_COVERAGE,PRIMARY_PAIRWISE,0.0,24,0.3,1,1,0.0,0.0,0.0,1.0,1.0,0.0,0.0,0.0,0.0,0,0,1,1
POLICY_CONFIRMATION,HIGH_COVERAGE,PRIMARY_PAIRWISE,0.0,24,0.3,1,5,0.0,0.0,0.0,1.0,1.0,0.0,1.0,0.0,0.0,0,0,1,1
POLICY_CONFIRMATION,HIGH_COVERAGE,PRIMARY_PAIRWISE,0.0,24,0.3,12,3,0.0,0.0,0.0,1.0,1.0,0.0,0.9166666666666666,0.0,0.0,0,0,24,24
POLICY_CONFIRMATION,HIGH_COVERAGE,PRIMARY_PAIRWISE,0.0,24,0.3,40,1,0.0,0.0,0.0,1.0,1.0,0.0,0.8,0.0,0.0,0,0,120,120
POLICY_CONFIRMATION,HIGH_COVERAGE,PRIMARY_PAIRWISE,0.0,24,0.72,1,1,0.0,0.0,0.0,1.0,1.0,0.0,1.0,0.0,0.0,0,0,1,1
POLICY_CONFIRMATION,HIGH_COVERAGE,PRIMARY_PAIRWISE,0.0,24,0.72,1,3,0.0,0.0,0.0,1.0,1.0,0.0,1.0,0.0,0.0,0,0,3,3
POLICY_CONFIRMATION,HIGH_COVERAGE,PRIMARY_PAIRWISE,0.0,24,0.72,12,1,0.0,0.0,0.0,1.0,1.0,0.0,1.0,0.0,0.0,0,0,12,12
POLICY_CONFIRMATION,HIGH_COVERAGE,PRIMARY_PAIRWISE,0.0,24,0.72,12,5,0.0,0.0,0.0,1.0,1.0,0.0,0.25,0.0,0.0,0,0,12,12
POLICY_CONFIRMATION,HIGH_COVERAGE,PRIMARY_PAIRWISE,0.0,24,0.72,40,5,0.0,0.0,0.0,1.0,1.0,0.0,0.95,0.0,0.0,0,0,40,40
POLICY_CONFIRMATION,HIGH_COVERAGE,PRIMARY_PAIRWISE,0.0,72,0.3,1,3,0.0,0.0,0.0,1.0,1.0,0.0,0.6666666666666666,0.0,0.0,0,0,3,3
POLICY_CONFIRMATION,HIGH_COVERAGE,PRIMARY_PAIRWISE,0.0,72,0.3,12,1,0.0,0.0,0.0,1.0,1.0,0.0,1.0,0.0,0.0,0,0,12,12
POLICY_CONFIRMATION,HIGH_COVERAGE,PRIMARY_PAIRWISE,0.0,72,0.3,40,1,0.0,0.0,0.0,1.0,1.0,0.0,0.9,0.0,0.0,0,0,40,40
POLICY_CONFIRMATION,HIGH_COVERAGE,PRIMARY_PAIRWISE,0.0,72,0.3,40,5,0.0,0.0,0.0,1.0,1.0,0.0,0.9,0.0,0.0,0,0,40,40
POLICY_CONFIRMATION,HIGH_COVERAGE,PRIMARY_PAIRWISE,0.0,72,0.72,1,1,0.0,0.0,0.0,1.0,1.0,0.0,0.5,0.0,0.0,0,0,2,2
POLICY_CONFIRMATION,HIGH_COVERAGE,PRIMARY_PAIRWISE,0.0,72,0.72,12,3,0.6666666666666666,0.9333888831030571,0.0,0.33333333333333337,1.0,0.027535005994981272,0.08333333333333333,0.0,0.0,8,0,12,12
POLICY_CONFIRMATION,HIGH_COVERAGE,PRIMARY_PAIRWISE,0.0,72,0.72,12,5,0.0,0.0,0.0,1.0,1.0,0.0,1.0,0.0,0.0,0,0,24,24
POLICY_CONFIRMATION,HIGH_COVERAGE,PRIMARY_PAIRWISE,0.0,72,0.72,40,1,0.0,0.0,0.0,1.0,1.0,0.0,0.6,0.0,0.0,0,0,40,40
POLICY_CONFIRMATION,HIGH_COVERAGE,PRIMARY_PAIRWISE,0.0,72,0.72,40,3,0.0,0.0,0.0,1.0,1.0,0.0,1.0,0.0,0.0,0,0,40,40
POLICY_CONFIRMATION,HIGH_COVERAGE,PRIMARY_PAIRWISE,0.0,180,0.3,1,1,0.0,0.0,0.0,1.0,1.0,0.0,1.0,0.0,0.0,0,0,2,2
POLICY_CONFIRMATION,HIGH_COVERAGE,PRIMARY_PAIRWISE,0.0,180,0.3,1,3,0.0,0.0,0.0,1.0,1.0,0.0,1.0,0.0,0.0,0,0,1,1
POLICY_CONFIRMATION,HIGH_COVERAGE,PRIMARY_PAIRWISE,0.0,180,0.3,12,5,0.0,0.0,0.0,1.0,1.0,0.0,0.8333333333333334,0.0,0.0,0,0,36,36
POLICY_CONFIRMATION,HIGH_COVERAGE,PRIMARY_PAIRWISE,0.0,180,0.3,40,3,0.0,0.0,0.0,1.0,1.0,0.0,0.775,0.0,0.0,0,0,40,40
POLICY_CONFIRMATION,HIGH_COVERAGE,PRIMARY_PAIRWISE,0.0,180,0.72,1,3,0.0,0.0,0.0,1.0,1.0,0.0,1.0,0.0,0.0,0,0,2,2
POLICY_CONFIRMATION,HIGH_COVERAGE,PRIMARY_PAIRWISE,0.0,180,0.72,12,3,0.0,0.0,0.0,1.0,1.0,0.0,1.0,0.0,0.0,0,0,12,12
POLICY_CONFIRMATION,HIGH_COVERAGE,PRIMARY_PAIRWISE,0.0,180,0.72,40,1,0.0,0.0,0.0,1.0,1.0,0.0,0.7916666666666666,0.0,0.0,0,0,120,120
POLICY_CONFIRMATION,HIGH_COVERAGE,PRIMARY_PAIRWISE,0.04,24,0.3,1,1,0.0,0.0,1.0,0.0,0.0,0.006908762883774899,1.0,1.0,1.0,1,1,0,1
POLICY_CONFIRMATION,HIGH_COVERAGE,PRIMARY_PAIRWISE,0.04,24,0.3,12,3,0.3333333333333333,0.7105355092038887,0.8333333333333334,0.41666666666666663,0.16666666666666663,0.028176804136325624,0.5833333333333334,0.7142857142857143,0.8333333333333334,7,6,6,12
POLICY_CONFIRMATION,HIGH_COVERAGE,PRIMARY_PAIRWISE,0.04,24,0.3,12,5,0.0,0.0,0.25,0.875,0.75,0.0421083998065104,0.625,1.0,0.25,3,12,12,24
POLICY_CONFIRMATION,HIGH_COVERAGE,PRIMARY_PAIRWISE,0.04,24,0.3,40,1,0.0,0.0,0.11666666666666667,0.9416666666666667,0.8833333333333333,0.027367579942010466,0.875,1.0,0.11666666666666667,7,60,60,120
POLICY_CONFIRMATION,HIGH_COVERAGE,PRIMARY_PAIRWISE,0.04,24,0.93,1,1,0.0,0.0,0.0,1.0,1.0,0.0,1.0,0.0,0.0,0,1,0,1
POLICY_CONFIRMATION,HIGH_COVERAGE,PRIMARY_PAIRWISE,0.04,24,0.93,1,3,0.0,0.0,0.3333333333333333,0.6666666666666667,0.6666666666666667,0.05527701040807017,0.6666666666666666,1.0,0.3333333333333333,1,3,0,3
POLICY_CONFIRMATION,HIGH_COVERAGE,PRIMARY_PAIRWISE,0.04,24,0.93,12,1,0.0,0.0,0.0,1.0,1.0,0.0,1.0,0.0,0.0,0,6,6,12
POLICY_CONFIRMATION,HIGH_COVERAGE,PRIMARY_PAIRWISE,0.04,24,0.93,12,5,0.0,0.0,0.0,1.0,1.0,0.0,1.0,0.0,0.0,0,6,6,12
POLICY_CONFIRMATION,HIGH_COVERAGE,PRIMARY_PAIRWISE,0.04,24,0.93,40,5,0.0,0.0,0.0,1.0,1.0,0.0,0.975,0.0,0.0,0,20,20,40
POLICY_CONFIRMATION,HIGH_COVERAGE,PRIMARY_PAIRWISE,0.04,72,0.3,1,3,0.0,0.0,0.5,0.5,0.5,0.0008463263695045811,1.0,1.0,0.5,1,2,0,2
POLICY_CONFIRMATION,HIGH_COVERAGE,PRIMARY_PAIRWISE,0.04,72,0.3,12,1,0.0,0.0,1.0,0.5,0.0,0.008560278207475678,0.8333333333333334,1.0,1.0,6,6,6,12
POLICY_CONFIRMATION,HIGH_COVERAGE,PRIMARY_PAIRWISE,0.04,72,0.3,12,3,0.0,0.0,0.0,1.0,1.0,0.0,0.8333333333333334,0.0,0.0,0,6,6,12
POLICY_CONFIRMATION,HIGH_COVERAGE,PRIMARY_PAIRWISE,0.04,72,0.3,40,1,0.05,0.14551858457912786,0.5,0.725,0.5,0.02868361760308915,0.725,0.9090909090909091,0.5,11,20,20,40
POLICY_CONFIRMATION,HIGH_COVERAGE,PRIMARY_PAIRWISE,0.04,72,0.3,40,5,0.0,0.0,0.0,1.0,1.0,0.0,0.9,0.0,0.0,0,20,20,40
POLICY_CONFIRMATION,HIGH_COVERAGE,PRIMARY_PAIRWISE,0.04,72,0.93,1,1,0.0,0.0,0.5,0.5,0.5,0.006203955535355993,1.0,1.0,0.5,1,2,0,2
POLICY_CONFIRMATION,HIGH_COVERAGE,PRIMARY_PAIRWISE,0.04,72,0.93,12,5,0.0,0.0,0.3333333333333333,0.8333333333333334,0.6666666666666667,0.006843842110397836,1.0,1.0,0.3333333333333333,6,18,18,36
POLICY_CONFIRMATION,HIGH_COVERAGE,PRIMARY_PAIRWISE,0.04,72,0.93,40,1,0.0,0.0,0.0,1.0,1.0,0.0,1.0,0.0,0.0,0,20,20,40
POLICY_CONFIRMATION,HIGH_COVERAGE,PRIMARY_PAIRWISE,0.04,72,0.93,40,3,0.0,0.0,0.0,1.0,1.0,0.0,0.75,0.0,0.0,0,20,20,40
POLICY_CONFIRMATION,HIGH_COVERAGE,PRIMARY_PAIRWISE,0.04,180,0.3,1,1,0.0,0.0,1.0,0.0,0.0,0.005883790616872352,1.0,1.0,1.0,2,2,0,2
POLICY_CONFIRMATION,HIGH_COVERAGE,PRIMARY_PAIRWISE,0.04,180,0.3,1,3,0.0,0.0,1.0,0.0,0.0,0.023587919921223992,0.0,1.0,1.0,1,1,0,1
POLICY_CONFIRMATION,HIGH_COVERAGE,PRIMARY_PAIRWISE,0.04,180,0.3,12,5,0.05555555555555555,0.16137653438793323,1.0,0.4722222222222222,0.0,0.0067707924391047485,0.8888888888888888,0.9473684210526315,1.0,19,18,18,36
POLICY_CONFIRMATION,HIGH_COVERAGE,PRIMARY_PAIRWISE,0.04,180,0.3,40,3,0.0,0.0,1.0,0.5,0.0,0.003682254517065811,0.9,1.0,1.0,20,20,20,40
POLICY_CONFIRMATION,HIGH_COVERAGE,PRIMARY_PAIRWISE,0.04,180,0.93,1,5,0.0,0.0,0.0,1.0,1.0,0.0,0.0,0.0,0.0,0,1,0,1
POLICY_CONFIRMATION,HIGH_COVERAGE,PRIMARY_PAIRWISE,0.04,180,0.93,12,3,0.0,0.0,0.0,1.0,1.0,0.0,0.5,0.0,0.0,0,12,12,24
POLICY_CONFIRMATION,HIGH_COVERAGE,PRIMARY_PAIRWISE,0.04,180,0.93,40,1,0.0,0.0,0.3333333333333333,0.8333333333333334,0.6666666666666667,0.0034495541225412164,0.725,1.0,0.3333333333333333,20,60,60,120
POLICY_CONFIRMATION,HIGH_COVERAGE,PRIMARY_PAIRWISE,0.085,24,0.72,1,1,0.0,0.0,1.0,0.0,0.0,0.02636725285417634,0.0,1.0,1.0,1,1,0,1
POLICY_CONFIRMATION,HIGH_COVERAGE,PRIMARY_PAIRWISE,0.085,24,0.72,12,3,0.0,0.0,0.8333333333333334,0.5833333333333333,0.16666666666666663,0.02092561122994119,0.5,1.0,0.8333333333333334,5,6,6,12
POLICY_CONFIRMATION,HIGH_COVERAGE,PRIMARY_PAIRWISE,0.085,24,0.72,12,5,0.0,0.0,0.0,1.0,1.0,0.0,0.9583333333333334,0.0,0.0,0,12,12,24
POLICY_CONFIRMATION,HIGH_COVERAGE,PRIMARY_PAIRWISE,0.085,24,0.72,40,1,0.0,0.0,0.475,0.7625,0.525,0.012214382038361213,0.7125,1.0,0.475,19,40,40,80
POLICY_CONFIRMATION,HIGH_COVERAGE,PRIMARY_PAIRWISE,0.085,24,0.72,40,3,0.0,0.0,0.0,1.0,1.0,0.0,0.95,0.0,0.0,0,20,20,40
POLICY_CONFIRMATION,HIGH_COVERAGE,PRIMARY_PAIRWISE,0.085,24,0.93,1,3,0.0,0.0,0.5,0.5,0.5,0.024704977194743682,0.75,1.0,0.5,2,4,0,4
POLICY_CONFIRMATION,HIGH_COVERAGE,PRIMARY_PAIRWISE,0.085,24,0.93,12,1,0.0,0.0,1.0,0.5,0.0,0.018945871696420424,1.0,1.0,1.0,6,6,6,12
POLICY_CONFIRMATION,HIGH_COVERAGE,PRIMARY_PAIRWISE,0.085,24,0.93,40,5,0.0,0.0,0.475,0.7625,0.525,0.0087041108099034,1.0,1.0,0.475,19,40,40,80
POLICY_CONFIRMATION,HIGH_COVERAGE,PRIMARY_PAIRWISE,0.085,72,0.72,1,3,0.0,0.0,0.5,0.5,0.5,0.015088542916447997,1.0,1.0,0.5,1,2,0,2
POLICY_CONFIRMATION,HIGH_COVERAGE,PRIMARY_PAIRWISE,0.085,72,0.72,12,3,0.0,0.0,0.0,1.0,1.0,0.0,1.0,0.0,0.0,0,6,6,12
POLICY_CONFIRMATION,HIGH_COVERAGE,PRIMARY_PAIRWISE,0.085,72,0.72,40,1,0.0,0.0,0.5,0.75,0.5,0.015568226420864417,0.95,1.0,0.5,20,40,40,80
POLICY_CONFIRMATION,HIGH_COVERAGE,PRIMARY_PAIRWISE,0.085,72,0.72,40,5,0.0,0.0,0.0,1.0,1.0,0.0,0.95,0.0,0.0,0,20,20,40
POLICY_CONFIRMATION,HIGH_COVERAGE,PRIMARY_PAIRWISE,0.085,72,0.93,1,1,0.0,0.0,1.0,0.0,0.0,0.007003789867170894,1.0,1.0,1.0,2,2,0,2
POLICY_CONFIRMATION,HIGH_COVERAGE,PRIMARY_PAIRWISE,0.085,72,0.93,12,5,0.2777777777777778,0.4846985030735473,1.0,0.36111111111111116,0.0,0.017586023414001842,0.6666666666666666,0.782608695652174,1.0,23,18,18,36
POLICY_CONFIRMATION,HIGH_COVERAGE,PRIMARY_PAIRWISE,0.085,72,0.93,40,3,0.0,0.0,0.5,0.75,0.5,0.024621681626585033,0.975,1.0,0.5,20,40,40,80
POLICY_CONFIRMATION,HIGH_COVERAGE,PRIMARY_PAIRWISE,0.085,180,0.72,1,1,0.0,0.0,0.0,1.0,1.0,0.0,0.0,0.0,0.0,0,1,0,1
POLICY_CONFIRMATION,HIGH_COVERAGE,PRIMARY_PAIRWISE,0.085,180,0.72,1,3,0.0,0.0,0.5,0.5,0.5,0.00030719067134399314,0.5,1.0,0.5,1,2,0,2
POLICY_CONFIRMATION,HIGH_COVERAGE,PRIMARY_PAIRWISE,0.085,180,0.72,12,5,0.0,0.0,1.0,0.5,0.0,0.008685581796275783,0.7916666666666666,1.0,1.0,12,12,12,24
POLICY_CONFIRMATION,HIGH_COVERAGE,PRIMARY_PAIRWISE,0.085,180,0.72,40,3,0.0,0.0,1.0,0.5,0.0,0.012496496170947299,0.65,1.0,1.0,20,20,20,40
POLICY_CONFIRMATION,HIGH_COVERAGE,PRIMARY_PAIRWISE,0.085,180,0.72,40,5,0.0,0.0,1.0,0.5,0.0,0.008472618951606739,0.475,1.0,1.0,20,20,20,40
POLICY_CONFIRMATION,HIGH_COVERAGE,PRIMARY_PAIRWISE,0.085,180,0.93,1,5,0.0,0.0,1.0,0.0,0.0,0.01290844686833273,0.0,1.0,1.0,1,1,0,1
POLICY_CONFIRMATION,HIGH_COVERAGE,PRIMARY_PAIRWISE,0.085,180,0.93,12,3,0.0,0.0,0.5,0.75,0.5,0.01021017327971449,0.375,1.0,0.5,6,12,12,24
POLICY_CONFIRMATION,HIGH_COVERAGE,PRIMARY_PAIRWISE,0.085,180,0.93,40,1,0.0,0.0,0.6666666666666666,0.6666666666666667,0.33333333333333337,0.005757920780730149,0.975,1.0,0.6666666666666666,40,60,60,120
POLICY_CONFIRMATION,HIGH_COVERAGE,REPAIR,0.0,24,0.3,1,3,0.0,0.0,0.0,1.0,1.0,0.0,0.0,0.0,0.0,0,0,1,1
POLICY_CONFIRMATION,HIGH_COVERAGE,REPAIR,0.0,24,0.3,1,5,0.0,0.0,0.0,1.0,1.0,0.0,0.5,0.0,0.0,0,0,2,2
POLICY_CONFIRMATION,HIGH_COVERAGE,REPAIR,0.0,24,0.3,12,1,0.0,0.0,0.0,1.0,1.0,0.0,0.75,0.0,0.0,0,0,12,12
POLICY_CONFIRMATION,HIGH_COVERAGE,REPAIR,0.0,24,0.3,12,3,0.0,0.0,0.0,1.0,1.0,0.0,0.6666666666666666,0.0,0.0,0,0,12,12
POLICY_CONFIRMATION,HIGH_COVERAGE,REPAIR,0.0,24,0.3,40,1,0.0,0.0,0.0,1.0,1.0,0.0,0.8,0.0,0.0,0,0,80,80
POLICY_CONFIRMATION,HIGH_COVERAGE,REPAIR,0.0,24,0.93,1,1,0.0,0.0,0.0,1.0,1.0,0.0,1.0,0.0,0.0,0,0,1,1
POLICY_CONFIRMATION,HIGH_COVERAGE,REPAIR,0.0,24,0.93,12,1,0.0,0.0,0.0,1.0,1.0,0.0,1.0,0.0,0.0,0,0,12,12
POLICY_CONFIRMATION,HIGH_COVERAGE,REPAIR,0.0,24,0.93,12,5,0.0,0.0,0.0,1.0,1.0,0.0,1.0,0.0,0.0,0,0,12,12
POLICY_CONFIRMATION,HIGH_COVERAGE,REPAIR,0.0,24,0.93,40,3,0.0,0.0,0.0,1.0,1.0,0.0,0.8416666666666667,0.0,0.0,0,0,120,120
POLICY_CONFIRMATION,HIGH_COVERAGE,REPAIR,0.0,72,0.3,1,3,0.0,0.0,0.0,1.0,1.0,0.0,0.0,0.0,0.0,0,0,1,1
POLICY_CONFIRMATION,HIGH_COVERAGE,REPAIR,0.0,72,0.3,12,1,0.027777777777777776,0.08146072395775578,0.0,0.9722222222222222,1.0,0.06906202512271185,0.8055555555555556,0.0,0.0,1,0,36,36
POLICY_CONFIRMATION,HIGH_COVERAGE,REPAIR,0.0,72,0.3,40,3,0.0,0.0,0.0,1.0,1.0,0.0,0.7375,0.0,0.0,0,0,80,80
POLICY_CONFIRMATION,HIGH_COVERAGE,REPAIR,0.0,72,0.93,1,5,0.0,0.0,0.0,1.0,1.0,0.0,1.0,0.0,0.0,0,0,3,3
POLICY_CONFIRMATION,HIGH_COVERAGE,REPAIR,0.0,72,0.93,12,3,0.0,0.0,0.0,1.0,1.0,0.0,0.8333333333333334,0.0,0.0,0,0,12,12
POLICY_CONFIRMATION,HIGH_COVERAGE,REPAIR,0.0,72,0.93,40,1,0.5,0.6095673308974897,0.0,0.5,1.0,0.04397589730852473,0.125,0.0,0.0,40,0,80,80
POLICY_CONFIRMATION,HIGH_COVERAGE,REPAIR,0.0,72,0.93,40,3,0.0,0.0,0.0,1.0,1.0,0.0,1.0,0.0,0.0,0,0,40,40
POLICY_CONFIRMATION,HIGH_COVERAGE,REPAIR,0.0,180,0.3,1,1,0.0,0.0,0.0,1.0,1.0,0.0,1.0,0.0,0.0,0,0,1,1
POLICY_CONFIRMATION,HIGH_COVERAGE,REPAIR,0.0,180,0.3,1,5,0.0,0.0,0.0,1.0,1.0,0.0,1.0,0.0,0.0,0,0,1,1
POLICY_CONFIRMATION,HIGH_COVERAGE,REPAIR,0.0,180,0.3,12,5,0.0,0.0,0.0,1.0,1.0,0.0,0.9166666666666666,0.0,0.0,0,0,12,12
POLICY_CONFIRMATION,HIGH_COVERAGE,REPAIR,0.0,180,0.3,40,1,0.0,0.0,0.0,1.0,1.0,0.0,0.875,0.0,0.0,0,0,40,40
POLICY_CONFIRMATION,HIGH_COVERAGE,REPAIR,0.0,180,0.3,40,3,0.008333333333333333,0.024598468734848736,0.0,0.9916666666666667,1.0,0.04649827703182474,0.8,0.0,0.0,1,0,120,120
POLICY_CONFIRMATION,HIGH_COVERAGE,REPAIR,0.0,180,0.93,1,3,0.0,0.0,0.0,1.0,1.0,0.0,0.5,0.0,0.0,0,0,2,2
POLICY_CONFIRMATION,HIGH_COVERAGE,REPAIR,0.0,180,0.93,12,1,0.0,0.0,0.0,1.0,1.0,0.0,1.0,0.0,0.0,0,0,36,36
POLICY_CONFIRMATION,HIGH_COVERAGE,REPAIR,0.0,180,0.93,40,1,0.0,0.0,0.0,1.0,1.0,0.0,0.0,0.0,0.0,0,0,40,40
POLICY_CONFIRMATION,HIGH_COVERAGE,REPAIR,0.0,180,0.93,40,5,0.0,0.0,0.0,1.0,1.0,0.0,1.0,0.0,0.0,0,0,40,40
POLICY_CONFIRMATION,HIGH_COVERAGE,REPAIR,0.04,24,0.72,1,5,0.0,0.0,0.6666666666666666,0.33333333333333337,0.33333333333333337,0.037783309651650956,0.6666666666666666,1.0,0.6666666666666666,2,3,0,3
POLICY_CONFIRMATION,HIGH_COVERAGE,REPAIR,0.04,24,0.72,12,1,0.0,0.0,0.0,1.0,1.0,0.0,0.9166666666666666,0.0,0.0,0,6,6,12
POLICY_CONFIRMATION,HIGH_COVERAGE,REPAIR,0.04,24,0.72,12,3,0.0,0.0,0.0,1.0,1.0,0.0,1.0,0.0,0.0,0,6,6,12
POLICY_CONFIRMATION,HIGH_COVERAGE,REPAIR,0.04,24,0.72,40,1,0.0,0.0,0.0,1.0,1.0,0.0,0.875,0.0,0.0,0,40,40,80
POLICY_CONFIRMATION,HIGH_COVERAGE,REPAIR,0.04,24,0.93,1,1,0.0,0.0,1.0,0.0,0.0,0.0016283124532566265,1.0,1.0,1.0,1,1,0,1
POLICY_CONFIRMATION,HIGH_COVERAGE,REPAIR,0.04,24,0.93,1,3,0.0,0.0,0.0,1.0,1.0,0.0,1.0,0.0,0.0,0,1,0,1
POLICY_CONFIRMATION,HIGH_COVERAGE,REPAIR,0.04,24,0.93,12,1,0.0,0.0,0.0,1.0,1.0,0.0,0.16666666666666666,0.0,0.0,0,6,6,12
POLICY_CONFIRMATION,HIGH_COVERAGE,REPAIR,0.04,24,0.93,12,5,0.0,0.0,0.0,1.0,1.0,0.0,0.6666666666666666,0.0,0.0,0,6,6,12
POLICY_CONFIRMATION,HIGH_COVERAGE,REPAIR,0.04,24,0.93,40,3,0.0,0.0,0.0,1.0,1.0,0.0,0.5,0.0,0.0,0,40,40,80
POLICY_CONFIRMATION,HIGH_COVERAGE,REPAIR,0.04,72,0.72,1,3,0.0,0.0,0.0,1.0,1.0,0.0,1.0,0.0,0.0,0,2,0,2
POLICY_CONFIRMATION,HIGH_COVERAGE,REPAIR,0.04,72,0.72,12,1,0.0,0.0,0.3333333333333333,0.8333333333333334,0.6666666666666667,0.0053686835906009344,0.8333333333333334,1.0,0.3333333333333333,6,18,18,36
POLICY_CONFIRMATION,HIGH_COVERAGE,REPAIR,0.04,72,0.72,40,5,0.0,0.0,0.0,1.0,1.0,0.0,0.9,0.0,0.0,0,20,20,40
POLICY_CONFIRMATION,HIGH_COVERAGE,REPAIR,0.04,72,0.93,1,5,0.0,0.0,1.0,0.0,0.0,0.008085016403365944,1.0,1.0,1.0,3,3,0,3
POLICY_CONFIRMATION,HIGH_COVERAGE,REPAIR,0.04,72,0.93,12,3,0.0,0.0,1.0,0.5,0.0,0.008319313613898734,0.9166666666666666,1.0,1.0,6,6,6,12
POLICY_CONFIRMATION,HIGH_COVERAGE,REPAIR,0.04,72,0.93,40,1,0.0,0.0,0.9,0.55,0.09999999999999998,0.007719675352356795,0.9125,1.0,0.9,36,40,40,80
POLICY_CONFIRMATION,HIGH_COVERAGE,REPAIR,0.04,72,0.93,40,3,0.0,0.0,0.0,1.0,1.0,0.0,1.0,0.0,0.0,0,20,20,40
POLICY_CONFIRMATION,HIGH_COVERAGE,REPAIR,0.04,180,0.72,1,1,0.0,0.0,0.0,1.0,1.0,0.0,1.0,0.0,0.0,0,1,0,1
POLICY_CONFIRMATION,HIGH_COVERAGE,REPAIR,0.04,180,0.72,1,5,0.0,0.0,0.0,1.0,1.0,0.0,1.0,0.0,0.0,0,1,0,1
POLICY_CONFIRMATION,HIGH_COVERAGE,REPAIR,0.04,180,0.72,12,5,0.0,0.0,0.0,1.0,1.0,0.0,1.0,0.0,0.0,0,6,6,12
POLICY_CONFIRMATION,HIGH_COVERAGE,REPAIR,0.04,180,0.72,40,1,0.0,0.0,0.0,1.0,1.0,0.0,0.875,0.0,0.0,0,20,20,40
POLICY_CONFIRMATION,HIGH_COVERAGE,REPAIR,0.04,180,0.72,40,3,0.03333333333333333,0.07875449009404872,0.9333333333333333,0.5166666666666666,0.06666666666666665,0.014915557353870502,0.5916666666666667,0.9655172413793104,0.9333333333333333,58,60,60,120
POLICY_CONFIRMATION,HIGH_COVERAGE,REPAIR,0.04,180,0.93,1,3,0.0,0.0,1.0,0.0,0.0,0.0032516711811599805,1.0,1.0,1.0,1,1,0,1
POLICY_CONFIRMATION,HIGH_COVERAGE,REPAIR,0.04,180,0.93,1,5,0.0,0.0,0.5,0.5,0.5,0.0036451983711227945,1.0,1.0,0.5,1,2,0,2
POLICY_CONFIRMATION,HIGH_COVERAGE,REPAIR,0.04,180,0.93,12,1,0.0,0.0,0.6666666666666666,0.6666666666666667,0.33333333333333337,0.014201384572231556,0.16666666666666666,1.0,0.6666666666666666,12,18,18,36
POLICY_CONFIRMATION,HIGH_COVERAGE,REPAIR,0.04,180,0.93,40,1,0.0,0.0,1.0,0.5,0.0,0.0055907530732847086,0.975,1.0,1.0,20,20,20,40
POLICY_CONFIRMATION,HIGH_COVERAGE,REPAIR,0.085,24,0.3,1,3,0.0,0.0,0.0,1.0,1.0,0.0,1.0,0.0,0.0,0,1,0,1
POLICY_CONFIRMATION,HIGH_COVERAGE,REPAIR,0.085,24,0.3,12,1,0.0,0.0,0.0,1.0,1.0,0.0,0.8333333333333334,0.0,0.0,0,12,12,24
POLICY_CONFIRMATION,HIGH_COVERAGE,REPAIR,0.085,24,0.3,12,5,0.0,0.0,0.0,1.0,1.0,0.0,0.9166666666666666,0.0,0.0,0,6,6,12
POLICY_CONFIRMATION,HIGH_COVERAGE,REPAIR,0.085,24,0.3,40,3,0.025,0.07338362326242218,0.425,0.775,0.575,0.048071731200094774,0.75,0.9444444444444444,0.425,18,40,40,80
POLICY_CONFIRMATION,HIGH_COVERAGE,REPAIR,0.085,24,0.72,1,5,0.0,0.0,1.0,0.0,0.0,0.019096762240098344,1.0,1.0,1.0,3,3,0,3
POLICY_CONFIRMATION,HIGH_COVERAGE,REPAIR,0.085,24,0.72,12,3,0.0,0.0,0.0,1.0,1.0,0.0,1.0,0.0,0.0,0,12,12,24
POLICY_CONFIRMATION,HIGH_COVERAGE,REPAIR,0.085,24,0.72,40,1,0.0,0.0,1.0,0.5,0.0,0.01966241659519413,0.85,1.0,1.0,40,40,40,80
POLICY_CONFIRMATION,HIGH_COVERAGE,REPAIR,0.085,72,0.3,1,5,0.0,0.0,1.0,0.0,0.0,0.0013033528525039154,1.0,1.0,1.0,2,2,0,2
POLICY_CONFIRMATION,HIGH_COVERAGE,REPAIR,0.085,72,0.3,12,3,0.0,0.0,0.0,1.0,1.0,0.0,0.9166666666666666,0.0,0.0,0,6,6,12
POLICY_CONFIRMATION,HIGH_COVERAGE,REPAIR,0.085,72,0.3,12,5,0.0,0.0,1.0,0.5,0.0,0.0055852044334242165,1.0,1.0,1.0,6,6,6,12
POLICY_CONFIRMATION,HIGH_COVERAGE,REPAIR,0.085,72,0.3,40,1,0.0,0.0,0.0,1.0,1.0,0.0,0.825,0.0,0.0,0,20,20,40
POLICY_CONFIRMATION,HIGH_COVERAGE,REPAIR,0.085,72,0.3,40,3,0.0,0.0,0.0,1.0,1.0,0.0,0.7875,0.0,0.0,0,40,40,80
POLICY_CONFIRMATION,HIGH_COVERAGE,REPAIR,0.085,72,0.72,1,3,0.0,0.0,0.5,0.5,0.5,0.0009815521896761603,1.0,1.0,0.5,1,2,0,2
POLICY_CONFIRMATION,HIGH_COVERAGE,REPAIR,0.085,72,0.72,12,1,0.0,0.0,0.6666666666666666,0.6666666666666667,0.33333333333333337,0.012456643098109182,0.8333333333333334,1.0,0.6666666666666666,12,18,18,36
POLICY_CONFIRMATION,HIGH_COVERAGE,REPAIR,0.085,72,0.72,40,5,0.0,0.0,1.0,0.5,0.0,0.005276684545732345,0.975,1.0,1.0,20,20,20,40
POLICY_CONFIRMATION,HIGH_COVERAGE,REPAIR,0.085,180,0.3,1,3,0.0,0.0,0.0,1.0,1.0,0.0,1.0,0.0,0.0,0,1,0,1
POLICY_CONFIRMATION,HIGH_COVERAGE,REPAIR,0.085,180,0.3,1,5,0.0,0.0,0.0,1.0,1.0,0.0,1.0,0.0,0.0,0,2,0,2
POLICY_CONFIRMATION,HIGH_COVERAGE,REPAIR,0.085,180,0.3,12,1,0.0,0.0,0.5,0.75,0.5,0.0036716479635675683,0.8333333333333334,1.0,0.5,6,12,12,24
POLICY_CONFIRMATION,HIGH_COVERAGE,REPAIR,0.085,180,0.3,12,3,0.0,0.0,0.0,1.0,1.0,0.0,0.5833333333333334,0.0,0.0,0,6,6,12
POLICY_CONFIRMATION,HIGH_COVERAGE,REPAIR,0.085,180,0.3,40,1,0.0,0.0,1.0,0.5,0.0,0.004194554362136016,0.85,1.0,1.0,20,20,20,40
POLICY_CONFIRMATION,HIGH_COVERAGE,REPAIR,0.085,180,0.72,1,1,0.0,0.0,1.0,0.0,0.0,0.006279672491055405,1.0,1.0,1.0,1,1,0,1
POLICY_CONFIRMATION,HIGH_COVERAGE,REPAIR,0.085,180,0.72,12,5,0.0,0.0,1.0,0.5,0.0,0.010885447125914096,0.8333333333333334,1.0,1.0,12,12,12,24
POLICY_CONFIRMATION,HIGH_COVERAGE,REPAIR,0.085,180,0.72,40,3,0.0,0.0,0.75,0.625,0.25,0.007830137329114535,0.89375,1.0,0.75,60,80,80,160
POLICY_CONFIRMATION,HIGH_COVERAGE,THRESHOLD_PASS,0.0,24,0.3,1,3,0.0,0.0,0.0,1.0,1.0,0.0,1.0,0.0,0.0,0,0,1,1
POLICY_CONFIRMATION,HIGH_COVERAGE,THRESHOLD_PASS,0.0,24,0.3,1,5,0.0,0.0,0.0,1.0,1.0,0.0,1.0,0.0,0.0,0,0,2,2
POLICY_CONFIRMATION,HIGH_COVERAGE,THRESHOLD_PASS,0.0,24,0.3,12,1,0.3333333333333333,0.6000555497697238,0.0,0.6666666666666667,1.0,0.10747086148029757,0.4166666666666667,0.0,0.0,4,0,12,12
POLICY_CONFIRMATION,HIGH_COVERAGE,THRESHOLD_PASS,0.0,24,0.3,12,3,0.0,0.0,0.0,1.0,1.0,0.0,0.9166666666666666,0.0,0.0,0,0,12,12
POLICY_CONFIRMATION,HIGH_COVERAGE,THRESHOLD_PASS,0.0,24,0.3,40,1,0.0125,0.036846393470080945,0.0,0.9875,1.0,0.09398514048962134,0.75,0.0,0.0,1,0,80,80
POLICY_CONFIRMATION,HIGH_COVERAGE,THRESHOLD_PASS,0.0,24,0.93,1,1,0.0,0.0,0.0,1.0,1.0,0.0,1.0,0.0,0.0,0,0,1,1
POLICY_CONFIRMATION,HIGH_COVERAGE,THRESHOLD_PASS,0.0,24,0.93,12,1,0.0,0.0,0.0,1.0,1.0,0.0,0.16666666666666666,0.0,0.0,0,0,12,12
POLICY_CONFIRMATION,HIGH_COVERAGE,THRESHOLD_PASS,0.0,24,0.93,12,5,0.0,0.0,0.0,1.0,1.0,0.0,1.0,0.0,0.0,0,0,12,12
POLICY_CONFIRMATION,HIGH_COVERAGE,THRESHOLD_PASS,0.0,24,0.93,40,3,0.0,0.0,0.0,1.0,1.0,0.0,0.975,0.0,0.0,0,0,120,120
POLICY_CONFIRMATION,HIGH_COVERAGE,THRESHOLD_PASS,0.0,72,0.3,1,3,0.0,0.0,0.0,1.0,1.0,0.0,1.0,0.0,0.0,0,0,1,1
POLICY_CONFIRMATION,HIGH_COVERAGE,THRESHOLD_PASS,0.0,72,0.3,12,1,0.0,0.0,0.0,1.0,1.0,0.0,0.6944444444444444,0.0,0.0,0,0,36,36
POLICY_CONFIRMATION,HIGH_COVERAGE,THRESHOLD_PASS,0.0,72,0.3,40,3,0.075,0.13271817304800976,0.0,0.925,1.0,0.030574410226540883,0.7,0.0,0.0,6,0,80,80
POLICY_CONFIRMATION,HIGH_COVERAGE,THRESHOLD_PASS,0.0,72,0.93,1,5,0.0,0.0,0.0,1.0,1.0,0.0,0.3333333333333333,0.0,0.0,0,0,3,3
POLICY_CONFIRMATION,HIGH_COVERAGE,THRESHOLD_PASS,0.0,72,0.93,12,3,0.0,0.0,0.0,1.0,1.0,0.0,1.0,0.0,0.0,0,0,12,12
POLICY_CONFIRMATION,HIGH_COVERAGE,THRESHOLD_PASS,0.0,72,0.93,40,1,0.0,0.0,0.0,1.0,1.0,0.0,1.0,0.0,0.0,0,0,80,80
POLICY_CONFIRMATION,HIGH_COVERAGE,THRESHOLD_PASS,0.0,72,0.93,40,3,0.0,0.0,0.0,1.0,1.0,0.0,1.0,0.0,0.0,0,0,40,40
POLICY_CONFIRMATION,HIGH_COVERAGE,THRESHOLD_PASS,0.0,180,0.3,1,1,0.0,0.0,0.0,1.0,1.0,0.0,1.0,0.0,0.0,0,0,1,1
POLICY_CONFIRMATION,HIGH_COVERAGE,THRESHOLD_PASS,0.0,180,0.3,1,5,0.0,0.0,0.0,1.0,1.0,0.0,1.0,0.0,0.0,0,0,1,1
POLICY_CONFIRMATION,HIGH_COVERAGE,THRESHOLD_PASS,0.0,180,0.3,12,5,0.0,0.0,0.0,1.0,1.0,0.0,0.8333333333333334,0.0,0.0,0,0,12,12
POLICY_CONFIRMATION,HIGH_COVERAGE,THRESHOLD_PASS,0.0,180,0.3,40,1,0.0,0.0,0.0,1.0,1.0,0.0,0.95,0.0,0.0,0,0,40,40
POLICY_CONFIRMATION,HIGH_COVERAGE,THRESHOLD_PASS,0.0,180,0.3,40,3,0.0,0.0,0.0,1.0,1.0,0.0,0.8416666666666667,0.0,0.0,0,0,120,120
POLICY_CONFIRMATION,HIGH_COVERAGE,THRESHOLD_PASS,0.0,180,0.93,1,3,0.0,0.0,0.0,1.0,1.0,0.0,1.0,0.0,0.0,0,0,2,2
POLICY_CONFIRMATION,HIGH_COVERAGE,THRESHOLD_PASS,0.0,180,0.93,12,1,0.0,0.0,0.0,1.0,1.0,0.0,0.4444444444444444,0.0,0.0,0,0,36,36
POLICY_CONFIRMATION,HIGH_COVERAGE,THRESHOLD_PASS,0.0,180,0.93,40,1,0.0,0.0,0.0,1.0,1.0,0.0,0.45,0.0,0.0,0,0,40,40
POLICY_CONFIRMATION,HIGH_COVERAGE,THRESHOLD_PASS,0.0,180,0.93,40,5,0.0,0.0,0.0,1.0,1.0,0.0,1.0,0.0,0.0,0,0,40,40
POLICY_CONFIRMATION,HIGH_COVERAGE,THRESHOLD_PASS,0.04,24,0.72,1,5,0.0,0.0,0.3333333333333333,0.6666666666666667,0.6666666666666667,0.020495842490915815,1.0,1.0,0.3333333333333333,1,3,0,3
POLICY_CONFIRMATION,HIGH_COVERAGE,THRESHOLD_PASS,0.04,24,0.72,12,1,0.0,0.0,0.16666666666666666,0.9166666666666666,0.8333333333333334,0.08191212593312855,0.75,1.0,0.16666666666666666,1,6,6,12
POLICY_CONFIRMATION,HIGH_COVERAGE,THRESHOLD_PASS,0.04,24,0.72,12,3,0.0,0.0,0.0,1.0,1.0,0.0,1.0,0.0,0.0,0,6,6,12
POLICY_CONFIRMATION,HIGH_COVERAGE,THRESHOLD_PASS,0.04,24,0.72,40,1,0.35,0.49781441066418386,0.5,0.575,0.5,0.038434684138398234,0.5,0.5882352941176471,0.5,34,40,40,80
POLICY_CONFIRMATION,HIGH_COVERAGE,THRESHOLD_PASS,0.04,24,0.93,1,1,0.0,0.0,0.0,1.0,1.0,0.0,1.0,0.0,0.0,0,1,0,1
POLICY_CONFIRMATION,HIGH_COVERAGE,THRESHOLD_PASS,0.04,24,0.93,1,3,0.0,0.0,0.0,1.0,1.0,0.0,1.0,0.0,0.0,0,1,0,1
POLICY_CONFIRMATION,HIGH_COVERAGE,THRESHOLD_PASS,0.04,24,0.93,12,1,0.0,0.0,0.0,1.0,1.0,0.0,0.8333333333333334,0.0,0.0,0,6,6,12
POLICY_CONFIRMATION,HIGH_COVERAGE,THRESHOLD_PASS,0.04,24,0.93,12,5,0.0,0.0,0.0,1.0,1.0,0.0,0.9166666666666666,0.0,0.0,0,6,6,12
POLICY_CONFIRMATION,HIGH_COVERAGE,THRESHOLD_PASS,0.04,24,0.93,40,3,0.0,0.0,0.5,0.75,0.5,0.043541703841470665,0.675,1.0,0.5,20,40,40,80
POLICY_CONFIRMATION,HIGH_COVERAGE,THRESHOLD_PASS,0.04,72,0.72,1,3,0.0,0.0,0.0,1.0,1.0,0.0,0.5,0.0,0.0,0,2,0,2
POLICY_CONFIRMATION,HIGH_COVERAGE,THRESHOLD_PASS,0.04,72,0.72,12,1,0.0,0.0,0.3333333333333333,0.8333333333333334,0.6666666666666667,0.011374502116084678,0.6944444444444444,1.0,0.3333333333333333,6,18,18,36
POLICY_CONFIRMATION,HIGH_COVERAGE,THRESHOLD_PASS,0.04,72,0.72,40,5,0.0,0.0,0.0,1.0,1.0,0.0,0.95,0.0,0.0,0,20,20,40
POLICY_CONFIRMATION,HIGH_COVERAGE,THRESHOLD_PASS,0.04,72,0.93,1,5,0.0,0.0,1.0,0.0,0.0,0.024639856449625786,0.6666666666666666,1.0,1.0,3,3,0,3
POLICY_CONFIRMATION,HIGH_COVERAGE,THRESHOLD_PASS,0.04,72,0.93,12,3,0.0,0.0,1.0,0.5,0.0,0.01341268100277932,0.9166666666666666,1.0,1.0,6,6,6,12
POLICY_CONFIRMATION,HIGH_COVERAGE,THRESHOLD_PASS,0.04,72,0.93,40,1,0.0,0.0,1.0,0.5,0.0,0.01622431129064509,0.65,1.0,1.0,40,40,40,80
POLICY_CONFIRMATION,HIGH_COVERAGE,THRESHOLD_PASS,0.04,72,0.93,40,3,0.0,0.0,0.0,1.0,1.0,0.0,1.0,0.0,0.0,0,20,20,40
POLICY_CONFIRMATION,HIGH_COVERAGE,THRESHOLD_PASS,0.04,180,0.72,1,1,0.0,0.0,1.0,0.0,0.0,0.008691578731406448,1.0,1.0,1.0,1,1,0,1
POLICY_CONFIRMATION,HIGH_COVERAGE,THRESHOLD_PASS,0.04,180,0.72,1,5,0.0,0.0,0.0,1.0,1.0,0.0,1.0,0.0,0.0,0,1,0,1
POLICY_CONFIRMATION,HIGH_COVERAGE,THRESHOLD_PASS,0.04,180,0.72,12,5,0.0,0.0,1.0,0.5,0.0,0.006523391314980126,0.9166666666666666,1.0,1.0,6,6,6,12
POLICY_CONFIRMATION,HIGH_COVERAGE,THRESHOLD_PASS,0.04,180,0.72,40,1,0.0,0.0,0.0,1.0,1.0,0.0,0.35,0.0,0.0,0,20,20,40
POLICY_CONFIRMATION,HIGH_COVERAGE,THRESHOLD_PASS,0.04,180,0.72,40,3,0.0,0.0,1.0,0.5,0.0,0.007806976151002265,0.9666666666666667,1.0,1.0,60,60,60,120
POLICY_CONFIRMATION,HIGH_COVERAGE,THRESHOLD_PASS,0.04,180,0.93,1,3,0.0,0.0,1.0,0.0,0.0,0.0003709382179215015,1.0,1.0,1.0,1,1,0,1
POLICY_CONFIRMATION,HIGH_COVERAGE,THRESHOLD_PASS,0.04,180,0.93,1,5,0.0,0.0,0.5,0.5,0.5,0.0029825603273497536,0.5,1.0,0.5,1,2,0,2
POLICY_CONFIRMATION,HIGH_COVERAGE,THRESHOLD_PASS,0.04,180,0.93,12,1,0.0,0.0,0.6666666666666666,0.6666666666666667,0.33333333333333337,0.003857800983175027,1.0,1.0,0.6666666666666666,12,18,18,36
POLICY_CONFIRMATION,HIGH_COVERAGE,THRESHOLD_PASS,0.04,180,0.93,40,1,0.0,0.0,1.0,0.5,0.0,0.003015241542649646,1.0,1.0,1.0,20,20,20,40
POLICY_CONFIRMATION,HIGH_COVERAGE,THRESHOLD_PASS,0.085,24,0.3,1,3,0.0,0.0,0.0,1.0,1.0,0.0,1.0,0.0,0.0,0,1,0,1
POLICY_CONFIRMATION,HIGH_COVERAGE,THRESHOLD_PASS,0.085,24,0.3,12,1,0.0,0.0,0.25,0.875,0.75,0.017895292758735335,0.7916666666666666,1.0,0.25,3,12,12,24
POLICY_CONFIRMATION,HIGH_COVERAGE,THRESHOLD_PASS,0.085,24,0.3,12,5,0.0,0.0,0.0,1.0,1.0,0.0,0.75,0.0,0.0,0,6,6,12
POLICY_CONFIRMATION,HIGH_COVERAGE,THRESHOLD_PASS,0.085,24,0.3,40,3,0.0,0.0,0.025,0.9875,0.975,0.052667512950839115,0.8625,1.0,0.025,1,40,40,80
POLICY_CONFIRMATION,HIGH_COVERAGE,THRESHOLD_PASS,0.085,24,0.72,1,5,0.0,0.0,0.6666666666666666,0.33333333333333337,0.33333333333333337,0.009266535653104223,1.0,1.0,0.6666666666666666,2,3,0,3
POLICY_CONFIRMATION,HIGH_COVERAGE,THRESHOLD_PASS,0.085,24,0.72,12,3,0.0,0.0,0.0,1.0,1.0,0.0,0.8333333333333334,0.0,0.0,0,12,12,24
POLICY_CONFIRMATION,HIGH_COVERAGE,THRESHOLD_PASS,0.085,24,0.72,40,1,0.0,0.0,0.55,0.725,0.44999999999999996,0.009069370251122526,0.8,1.0,0.55,22,40,40,80
POLICY_CONFIRMATION,HIGH_COVERAGE,THRESHOLD_PASS,0.085,72,0.3,1,5,0.0,0.0,1.0,0.0,0.0,0.021694596240591973,0.5,1.0,1.0,2,2,0,2
POLICY_CONFIRMATION,HIGH_COVERAGE,THRESHOLD_PASS,0.085,72,0.3,12,3,0.0,0.0,1.0,0.5,0.0,0.008507954382556483,0.75,1.0,1.0,6,6,6,12
POLICY_CONFIRMATION,HIGH_COVERAGE,THRESHOLD_PASS,0.085,72,0.3,12,5,0.0,0.0,1.0,0.5,0.0,0.0035080901165070594,1.0,1.0,1.0,6,6,6,12
POLICY_CONFIRMATION,HIGH_COVERAGE,THRESHOLD_PASS,0.085,72,0.3,40,1,0.0,0.0,0.0,1.0,1.0,0.0,0.725,0.0,0.0,0,20,20,40
POLICY_CONFIRMATION,HIGH_COVERAGE,THRESHOLD_PASS,0.085,72,0.3,40,3,0.0,0.0,0.5,0.75,0.5,0.011460994035066882,0.8625,1.0,0.5,20,40,40,80
POLICY_CONFIRMATION,HIGH_COVERAGE,THRESHOLD_PASS,0.085,72,0.72,1,3,0.0,0.0,0.5,0.5,0.5,0.00044285438511419695,0.5,1.0,0.5,1,2,0,2
POLICY_CONFIRMATION,HIGH_COVERAGE,THRESHOLD_PASS,0.085,72,0.72,12,1,0.0,0.0,0.6666666666666666,0.6666666666666667,0.33333333333333337,0.008107425915877547,0.9444444444444444,1.0,0.6666666666666666,12,18,18,36
POLICY_CONFIRMATION,HIGH_COVERAGE,THRESHOLD_PASS,0.085,72,0.72,40,5,0.0,0.0,1.0,0.5,0.0,0.00496637317610062,1.0,1.0,1.0,20,20,20,40
POLICY_CONFIRMATION,HIGH_COVERAGE,THRESHOLD_PASS,0.085,180,0.3,1,3,0.0,0.0,1.0,0.0,0.0,0.006103191201756633,1.0,1.0,1.0,1,1,0,1
POLICY_CONFIRMATION,HIGH_COVERAGE,THRESHOLD_PASS,0.085,180,0.3,1,5,0.0,0.0,0.0,1.0,1.0,0.0,0.5,0.0,0.0,0,2,0,2
POLICY_CONFIRMATION,HIGH_COVERAGE,THRESHOLD_PASS,0.085,180,0.3,12,1,0.0,0.0,0.5,0.75,0.5,0.008668250891892437,0.8333333333333334,1.0,0.5,6,12,12,24
POLICY_CONFIRMATION,HIGH_COVERAGE,THRESHOLD_PASS,0.085,180,0.3,12,3,0.0,0.0,0.0,1.0,1.0,0.0,0.75,0.0,0.0,0,6,6,12
POLICY_CONFIRMATION,HIGH_COVERAGE,THRESHOLD_PASS,0.085,180,0.3,40,1,0.0,0.0,1.0,0.5,0.0,0.0055949090478382936,0.85,1.0,1.0,20,20,20,40
POLICY_CONFIRMATION,HIGH_COVERAGE,THRESHOLD_PASS,0.085,180,0.72,1,1,0.0,0.0,1.0,0.0,0.0,0.006748060128976177,1.0,1.0,1.0,1,1,0,1
POLICY_CONFIRMATION,HIGH_COVERAGE,THRESHOLD_PASS,0.085,180,0.72,12,5,0.0,0.0,1.0,0.5,0.0,0.008540118427960123,1.0,1.0,1.0,12,12,12,24
POLICY_CONFIRMATION,HIGH_COVERAGE,THRESHOLD_PASS,0.085,180,0.72,40,3,0.0,0.0,0.75,0.625,0.25,0.008926644529814981,0.91875,1.0,0.75,60,80,80,160
POLICY_CONFIRMATION,HIGH_COVERAGE,TOP_K,0.0,24,0.72,1,3,0.0,0.0,0.0,1.0,1.0,0.0,1.0,0.0,0.0,0,0,1,1
POLICY_CONFIRMATION,HIGH_COVERAGE,TOP_K,0.0,24,0.72,12,1,0.0,0.0,0.0,1.0,1.0,0.0,0.4166666666666667,0.0,0.0,0,0,24,24
POLICY_CONFIRMATION,HIGH_COVERAGE,TOP_K,0.0,24,0.72,12,3,0.5833333333333334,0.8622781041844558,0.0,0.41666666666666663,1.0,0.10261809113899233,0.16666666666666666,0.0,0.0,7,0,12,12
POLICY_CONFIRMATION,HIGH_COVERAGE,TOP_K,0.0,24,0.72,40,5,0.0,0.0,0.0,1.0,1.0,0.0,0.6166666666666667,0.0,0.0,0,0,120,120
POLICY_CONFIRMATION,HIGH_COVERAGE,TOP_K,0.0,24,0.93,1,1,0.0,0.0,0.0,1.0,1.0,0.0,1.0,0.0,0.0,0,0,3,3
POLICY_CONFIRMATION,HIGH_COVERAGE,TOP_K,0.0,24,0.93,12,3,0.0,0.0,0.0,1.0,1.0,0.0,0.5,0.0,0.0,0,0,24,24
POLICY_CONFIRMATION,HIGH_COVERAGE,TOP_K,0.0,24,0.93,40,3,0.0,0.0,0.0,1.0,1.0,0.0,0.725,0.0,0.0,0,0,40,40
POLICY_CONFIRMATION,HIGH_COVERAGE,TOP_K,0.0,72,0.72,1,1,0.0,0.0,0.0,1.0,1.0,0.0,1.0,0.0,0.0,0,0,3,3
POLICY_CONFIRMATION,HIGH_COVERAGE,TOP_K,0.0,72,0.72,12,1,0.0,0.0,0.0,1.0,1.0,0.0,0.5833333333333334,0.0,0.0,0,0,12,12
POLICY_CONFIRMATION,HIGH_COVERAGE,TOP_K,0.0,72,0.72,12,5,0.0,0.0,0.0,1.0,1.0,0.0,1.0,0.0,0.0,0,0,12,12
POLICY_CONFIRMATION,HIGH_COVERAGE,TOP_K,0.0,72,0.72,40,3,0.0,0.0,0.0,1.0,1.0,0.0,0.9375,0.0,0.0,0,0,80,80
POLICY_CONFIRMATION,HIGH_COVERAGE,TOP_K,0.0,72,0.93,1,5,0.0,0.0,0.0,1.0,1.0,0.0,1.0,0.0,0.0,0,0,1,1
POLICY_CONFIRMATION,HIGH_COVERAGE,TOP_K,0.0,72,0.93,12,1,0.0,0.0,0.0,1.0,1.0,0.0,1.0,0.0,0.0,0,0,12,12
POLICY_CONFIRMATION,HIGH_COVERAGE,TOP_K,0.0,72,0.93,12,3,0.0,0.0,0.0,1.0,1.0,0.0,0.8611111111111112,0.0,0.0,0,0,36,36
POLICY_CONFIRMATION,HIGH_COVERAGE,TOP_K,0.0,72,0.93,40,1,0.0,0.0,0.0,1.0,1.0,0.0,0.525,0.0,0.0,0,0,40,40
POLICY_CONFIRMATION,HIGH_COVERAGE,TOP_K,0.0,72,0.93,40,5,0.0,0.0,0.0,1.0,1.0,0.0,0.3,0.0,0.0,0,0,40,40
POLICY_CONFIRMATION,HIGH_COVERAGE,TOP_K,0.0,180,0.72,1,1,0.0,0.0,0.0,1.0,1.0,0.0,1.0,0.0,0.0,0,0,1,1
POLICY_CONFIRMATION,HIGH_COVERAGE,TOP_K,0.0,180,0.72,1,5,0.0,0.0,0.0,1.0,1.0,0.0,1.0,0.0,0.0,0,0,1,1
POLICY_CONFIRMATION,HIGH_COVERAGE,TOP_K,0.0,180,0.72,12,3,0.19444444444444445,0.32373009918332873,0.0,0.8055555555555556,1.0,0.03615408012225374,0.6944444444444444,0.0,0.0,7,0,36,36
POLICY_CONFIRMATION,HIGH_COVERAGE,TOP_K,0.0,180,0.72,40,1,0.0,0.0,0.0,1.0,1.0,0.0,0.775,0.0,0.0,0,0,40,40
POLICY_CONFIRMATION,HIGH_COVERAGE,TOP_K,0.0,180,0.93,1,1,0.0,0.0,0.0,1.0,1.0,0.0,1.0,0.0,0.0,0,0,1,1
POLICY_CONFIRMATION,HIGH_COVERAGE,TOP_K,0.0,180,0.93,1,3,0.0,0.0,0.0,1.0,1.0,0.0,1.0,0.0,0.0,0,0,1,1
POLICY_CONFIRMATION,HIGH_COVERAGE,TOP_K,0.0,180,0.93,12,1,0.0,0.0,0.0,1.0,1.0,0.0,1.0,0.0,0.0,0,0,24,24
POLICY_CONFIRMATION,HIGH_COVERAGE,TOP_K,0.0,180,0.93,40,3,0.0,0.0,0.0,1.0,1.0,0.0,1.0,0.0,0.0,0,0,40,40
POLICY_CONFIRMATION,HIGH_COVERAGE,TOP_K,0.0,180,0.93,40,5,0.0,0.0,0.0,1.0,1.0,0.0,0.9125,0.0,0.0,0,0,80,80
POLICY_CONFIRMATION,HIGH_COVERAGE,TOP_K,0.04,24,0.3,1,1,0.0,0.0,0.3333333333333333,0.6666666666666667,0.6666666666666667,0.002036919927107486,1.0,1.0,0.3333333333333333,1,3,0,3
POLICY_CONFIRMATION,HIGH_COVERAGE,TOP_K,0.04,24,0.3,12,5,0.0,0.0,0.0,1.0,1.0,0.0,0.75,0.0,0.0,0,6,6,12
POLICY_CONFIRMATION,HIGH_COVERAGE,TOP_K,0.04,24,0.3,40,3,0.0,0.0,0.0,1.0,1.0,0.0,0.7375,0.0,0.0,0,40,40,80
POLICY_CONFIRMATION,HIGH_COVERAGE,TOP_K,0.04,24,0.72,1,3,0.0,0.0,1.0,0.0,0.0,0.002729357069687216,1.0,1.0,1.0,1,1,0,1
POLICY_CONFIRMATION,HIGH_COVERAGE,TOP_K,0.04,24,0.72,12,1,0.0,0.0,0.0,1.0,1.0,0.0,0.7916666666666666,0.0,0.0,0,12,12,24
POLICY_CONFIRMATION,HIGH_COVERAGE,TOP_K,0.04,24,0.72,12,3,0.0,0.0,0.0,1.0,1.0,0.0,0.0,0.0,0.0,0,6,6,12
POLICY_CONFIRMATION,HIGH_COVERAGE,TOP_K,0.04,24,0.72,40,5,0.16666666666666666,0.2609672106343055,0.31666666666666665,0.7583333333333333,0.6833333333333333,0.07922095362154231,0.6916666666666667,0.6551724137931034,0.31666666666666665,29,60,60,120
POLICY_CONFIRMATION,HIGH_COVERAGE,TOP_K,0.04,72,0.3,1,5,0.0,0.0,1.0,0.0,0.0,0.004728064712337943,1.0,1.0,1.0,1,1,0,1
POLICY_CONFIRMATION,HIGH_COVERAGE,TOP_K,0.04,72,0.3,12,1,0.0,0.0,0.0,1.0,1.0,0.0,0.75,0.0,0.0,0,6,6,12
POLICY_CONFIRMATION,HIGH_COVERAGE,TOP_K,0.04,72,0.3,12,3,0.2777777777777778,0.4846985030735473,0.7777777777777778,0.4722222222222222,0.2222222222222222,0.02337190503809473,0.6111111111111112,0.7368421052631579,0.7777777777777778,19,18,18,36
POLICY_CONFIRMATION,HIGH_COVERAGE,TOP_K,0.04,72,0.3,40,1,0.0,0.0,1.0,0.5,0.0,0.0057958082384686185,0.875,1.0,1.0,20,20,20,40
POLICY_CONFIRMATION,HIGH_COVERAGE,TOP_K,0.04,72,0.3,40,5,0.0,0.0,0.0,1.0,1.0,0.0,0.725,0.0,0.0,0,20,20,40
POLICY_CONFIRMATION,HIGH_COVERAGE,TOP_K,0.04,72,0.72,1,1,0.0,0.0,0.6666666666666666,0.33333333333333337,0.33333333333333337,0.01817602702764629,0.6666666666666666,1.0,0.6666666666666666,2,3,0,3
POLICY_CONFIRMATION,HIGH_COVERAGE,TOP_K,0.04,72,0.72,12,1,0.0,0.0,1.0,0.5,0.0,0.011509699633340573,0.8333333333333334,1.0,1.0,6,6,6,12
POLICY_CONFIRMATION,HIGH_COVERAGE,TOP_K,0.04,72,0.72,40,3,0.0,0.0,1.0,0.5,0.0,0.005201787130553471,0.925,1.0,1.0,20,20,20,40
POLICY_CONFIRMATION,HIGH_COVERAGE,TOP_K,0.04,72,0.72,40,5,0.0,0.0,0.0,1.0,1.0,0.0,0.825,0.0,0.0,0,40,40,80
POLICY_CONFIRMATION,HIGH_COVERAGE,TOP_K,0.04,180,0.3,1,1,0.0,0.0,1.0,0.0,0.0,0.010439162390799308,1.0,1.0,1.0,1,1,0,1
POLICY_CONFIRMATION,HIGH_COVERAGE,TOP_K,0.04,180,0.3,1,3,0.0,0.0,0.0,1.0,1.0,0.0,1.0,0.0,0.0,0,1,0,1
POLICY_CONFIRMATION,HIGH_COVERAGE,TOP_K,0.04,180,0.3,12,1,0.0,0.0,0.5,0.75,0.5,0.009759815424135872,0.7916666666666666,1.0,0.5,6,12,12,24
POLICY_CONFIRMATION,HIGH_COVERAGE,TOP_K,0.04,180,0.3,40,5,0.0,0.0,0.5333333333333333,0.7333333333333334,0.4666666666666667,0.004468464067539569,0.85,1.0,0.5333333333333333,32,60,60,120
POLICY_CONFIRMATION,HIGH_COVERAGE,TOP_K,0.04,180,0.72,1,1,0.0,0.0,1.0,0.0,0.0,0.009451994237736246,1.0,1.0,1.0,1,1,0,1
POLICY_CONFIRMATION,HIGH_COVERAGE,TOP_K,0.04,180,0.72,1,5,0.0,0.0,0.0,1.0,1.0,0.0,0.0,0.0,0.0,0,1,0,1
POLICY_CONFIRMATION,HIGH_COVERAGE,TOP_K,0.04,180,0.72,12,3,0.0,0.0,0.9166666666666666,0.5416666666666667,0.08333333333333337,0.005949886077749,1.0,1.0,0.9166666666666666,11,12,12,24
POLICY_CONFIRMATION,HIGH_COVERAGE,TOP_K,0.04,180,0.72,40,1,0.0,0.0,1.0,0.5,0.0,0.003862985787596028,0.925,1.0,1.0,20,20,20,40
POLICY_CONFIRMATION,HIGH_COVERAGE,TOP_K,0.04,180,0.72,40,3,0.0,0.0,0.0,1.0,1.0,0.0,0.975,0.0,0.0,0,20,20,40
POLICY_CONFIRMATION,HIGH_COVERAGE,TOP_K,0.085,24,0.3,1,1,0.0,0.0,0.6666666666666666,0.33333333333333337,0.33333333333333337,0.016893636455975587,0.6666666666666666,1.0,0.6666666666666666,2,3,0,3
POLICY_CONFIRMATION,HIGH_COVERAGE,TOP_K,0.085,24,0.3,12,5,0.0,0.0,1.0,0.5,0.0,0.016545438073694796,0.75,1.0,1.0,6,6,6,12
POLICY_CONFIRMATION,HIGH_COVERAGE,TOP_K,0.085,24,0.3,40,3,0.0,0.0,0.5,0.75,0.5,0.011560236735245278,0.9,1.0,0.5,20,40,40,80
POLICY_CONFIRMATION,HIGH_COVERAGE,TOP_K,0.085,24,0.93,1,3,0.0,0.0,1.0,0.0,0.0,0.009210990127842128,1.0,1.0,1.0,1,1,0,1
POLICY_CONFIRMATION,HIGH_COVERAGE,TOP_K,0.085,24,0.93,1,5,0.0,0.0,1.0,0.0,0.0,0.012517815012433195,1.0,1.0,1.0,1,1,0,1
POLICY_CONFIRMATION,HIGH_COVERAGE,TOP_K,0.085,24,0.93,12,1,0.0,0.0,0.0,1.0,1.0,0.0,1.0,0.0,0.0,0,6,6,12
POLICY_CONFIRMATION,HIGH_COVERAGE,TOP_K,0.085,24,0.93,12,3,0.0,0.0,0.5,0.75,0.5,0.013336303500275497,1.0,1.0,0.5,6,12,12,24
POLICY_CONFIRMATION,HIGH_COVERAGE,TOP_K,0.085,24,0.93,40,5,0.5,0.6549516053482506,1.0,0.25,0.0,0.07900519688764218,0.5,0.6666666666666666,1.0,60,40,40,80
POLICY_CONFIRMATION,HIGH_COVERAGE,TOP_K,0.085,72,0.3,1,5,0.0,0.0,1.0,0.0,0.0,0.0101180081744816,1.0,1.0,1.0,2,2,0,2
POLICY_CONFIRMATION,HIGH_COVERAGE,TOP_K,0.085,72,0.3,12,3,0.08333333333333333,0.19391052272976722,0.75,0.5833333333333333,0.25,0.022890145613177273,0.75,0.9,0.75,20,24,24,48
POLICY_CONFIRMATION,HIGH_COVERAGE,TOP_K,0.085,72,0.3,40,1,0.4,0.6147072425420251,1.0,0.30000000000000004,0.0,0.014178434725925152,0.625,0.7142857142857143,1.0,28,20,20,40
POLICY_CONFIRMATION,HIGH_COVERAGE,TOP_K,0.085,72,0.93,1,1,0.0,0.0,0.5,0.5,0.5,0.006341767987649571,1.0,1.0,0.5,1,2,0,2
POLICY_CONFIRMATION,HIGH_COVERAGE,TOP_K,0.085,72,0.93,1,3,0.0,0.0,0.0,1.0,1.0,0.0,1.0,0.0,0.0,0,1,0,1
POLICY_CONFIRMATION,HIGH_COVERAGE,TOP_K,0.085,72,0.93,12,1,0.0,0.0,1.0,0.5,0.0,0.0022423256371193697,1.0,1.0,1.0,6,6,6,12
POLICY_CONFIRMATION,HIGH_COVERAGE,TOP_K,0.085,72,0.93,40,3,0.0,0.0,1.0,0.5,0.0,0.012612115641125552,0.75,1.0,1.0,20,20,20,40
POLICY_CONFIRMATION,HIGH_COVERAGE,TOP_K,0.085,72,0.93,40,5,0.0,0.0,0.0,1.0,1.0,0.0,0.2375,0.0,0.0,0,40,40,80
POLICY_CONFIRMATION,HIGH_COVERAGE,TOP_K,0.085,180,0.3,1,3,0.0,0.0,0.5,0.5,0.5,0.017120077065399628,1.0,1.0,0.5,1,2,0,2
POLICY_CONFIRMATION,HIGH_COVERAGE,TOP_K,0.085,180,0.3,12,1,0.16666666666666666,0.3775290932935149,1.0,0.41666666666666663,0.0,0.014447847459534039,0.5,0.8571428571428571,1.0,14,12,12,24
POLICY_CONFIRMATION,HIGH_COVERAGE,TOP_K,0.085,180,0.3,40,5,0.0,0.0,1.0,0.5,0.0,0.0068813671481478085,0.7666666666666667,1.0,1.0,60,60,60,120
POLICY_CONFIRMATION,HIGH_COVERAGE,TOP_K,0.085,180,0.93,1,1,0.0,0.0,0.5,0.5,0.5,0.00018614853043824597,1.0,1.0,0.5,1,2,0,2
POLICY_CONFIRMATION,HIGH_COVERAGE,TOP_K,0.085,180,0.93,1,5,0.0,0.0,0.0,1.0,1.0,0.0,1.0,0.0,0.0,0,1,0,1
POLICY_CONFIRMATION,HIGH_COVERAGE,TOP_K,0.085,180,0.93,12,3,0.0,0.0,0.5,0.75,0.5,0.007323769509257794,1.0,1.0,0.5,6,12,12,24
POLICY_CONFIRMATION,HIGH_COVERAGE,TOP_K,0.085,180,0.93,40,3,0.0,0.0,0.0,1.0,1.0,0.0,1.0,0.0,0.0,0,20,20,40
POLICY_CONFIRMATION,HIGH_COVERAGE,TRANSPORT,0.0,24,0.72,1,3,0.0,0.0,0.0,1.0,1.0,0.0,1.0,0.0,0.0,0,0,1,1
POLICY_CONFIRMATION,HIGH_COVERAGE,TRANSPORT,0.0,24,0.72,12,1,0.0,0.0,0.0,1.0,1.0,0.0,1.0,0.0,0.0,0,0,24,24
POLICY_CONFIRMATION,HIGH_COVERAGE,TRANSPORT,0.0,24,0.72,12,3,0.0,0.0,0.0,1.0,1.0,0.0,0.9166666666666666,0.0,0.0,0,0,12,12
POLICY_CONFIRMATION,HIGH_COVERAGE,TRANSPORT,0.0,24,0.72,40,5,0.0,0.0,0.0,1.0,1.0,0.0,0.8666666666666667,0.0,0.0,0,0,120,120
POLICY_CONFIRMATION,HIGH_COVERAGE,TRANSPORT,0.0,24,0.93,1,1,0.0,0.0,0.0,1.0,1.0,0.0,1.0,0.0,0.0,0,0,3,3
POLICY_CONFIRMATION,HIGH_COVERAGE,TRANSPORT,0.0,24,0.93,12,3,0.0,0.0,0.0,1.0,1.0,0.0,0.625,0.0,0.0,0,0,24,24
POLICY_CONFIRMATION,HIGH_COVERAGE,TRANSPORT,0.0,24,0.93,40,3,0.0,0.0,0.0,1.0,1.0,0.0,1.0,0.0,0.0,0,0,40,40
POLICY_CONFIRMATION,HIGH_COVERAGE,TRANSPORT,0.0,72,0.72,1,1,0.0,0.0,0.0,1.0,1.0,0.0,1.0,0.0,0.0,0,0,3,3
POLICY_CONFIRMATION,HIGH_COVERAGE,TRANSPORT,0.0,72,0.72,12,1,0.0,0.0,0.0,1.0,1.0,0.0,0.9166666666666666,0.0,0.0,0,0,12,12
POLICY_CONFIRMATION,HIGH_COVERAGE,TRANSPORT,0.0,72,0.72,12,5,0.0,0.0,0.0,1.0,1.0,0.0,0.25,0.0,0.0,0,0,12,12
POLICY_CONFIRMATION,HIGH_COVERAGE,TRANSPORT,0.0,72,0.72,40,3,0.0,0.0,0.0,1.0,1.0,0.0,0.9375,0.0,0.0,0,0,80,80
POLICY_CONFIRMATION,HIGH_COVERAGE,TRANSPORT,0.0,72,0.93,1,5,0.0,0.0,0.0,1.0,1.0,0.0,1.0,0.0,0.0,0,0,1,1
POLICY_CONFIRMATION,HIGH_COVERAGE,TRANSPORT,0.0,72,0.93,12,1,0.0,0.0,0.0,1.0,1.0,0.0,0.6666666666666666,0.0,0.0,0,0,12,12
POLICY_CONFIRMATION,HIGH_COVERAGE,TRANSPORT,0.0,72,0.93,12,3,0.0,0.0,0.0,1.0,1.0,0.0,0.8055555555555556,0.0,0.0,0,0,36,36
POLICY_CONFIRMATION,HIGH_COVERAGE,TRANSPORT,0.0,72,0.93,40,1,0.0,0.0,0.0,1.0,1.0,0.0,1.0,0.0,0.0,0,0,40,40
POLICY_CONFIRMATION,HIGH_COVERAGE,TRANSPORT,0.0,72,0.93,40,5,0.0,0.0,0.0,1.0,1.0,0.0,0.675,0.0,0.0,0,0,40,40
POLICY_CONFIRMATION,HIGH_COVERAGE,TRANSPORT,0.0,180,0.72,1,1,0.0,0.0,0.0,1.0,1.0,0.0,1.0,0.0,0.0,0,0,1,1
POLICY_CONFIRMATION,HIGH_COVERAGE,TRANSPORT,0.0,180,0.72,1,5,0.0,0.0,0.0,1.0,1.0,0.0,1.0,0.0,0.0,0,0,1,1
POLICY_CONFIRMATION,HIGH_COVERAGE,TRANSPORT,0.0,180,0.72,12,3,0.0,0.0,0.0,1.0,1.0,0.0,0.8333333333333334,0.0,0.0,0,0,36,36
POLICY_CONFIRMATION,HIGH_COVERAGE,TRANSPORT,0.0,180,0.72,40,1,0.0,0.0,0.0,1.0,1.0,0.0,0.9,0.0,0.0,0,0,40,40
POLICY_CONFIRMATION,HIGH_COVERAGE,TRANSPORT,0.0,180,0.93,1,1,0.0,0.0,0.0,1.0,1.0,0.0,0.0,0.0,0.0,0,0,1,1
POLICY_CONFIRMATION,HIGH_COVERAGE,TRANSPORT,0.0,180,0.93,1,3,0.0,0.0,0.0,1.0,1.0,0.0,1.0,0.0,0.0,0,0,1,1
POLICY_CONFIRMATION,HIGH_COVERAGE,TRANSPORT,0.0,180,0.93,12,1,0.0,0.0,0.0,1.0,1.0,0.0,0.7916666666666666,0.0,0.0,0,0,24,24
POLICY_CONFIRMATION,HIGH_COVERAGE,TRANSPORT,0.0,180,0.93,40,3,0.0,0.0,0.0,1.0,1.0,0.0,1.0,0.0,0.0,0,0,40,40
POLICY_CONFIRMATION,HIGH_COVERAGE,TRANSPORT,0.0,180,0.93,40,5,0.0,0.0,0.0,1.0,1.0,0.0,0.95,0.0,0.0,0,0,80,80
POLICY_CONFIRMATION,HIGH_COVERAGE,TRANSPORT,0.04,24,0.3,1,1,0.0,0.0,0.0,1.0,1.0,0.0,1.0,0.0,0.0,0,2,1,3
POLICY_CONFIRMATION,HIGH_COVERAGE,TRANSPORT,0.04,24,0.3,12,5,0.0,0.0,0.5,0.75,0.5,0.01655131699413969,0.75,1.0,0.5,3,6,6,12
POLICY_CONFIRMATION,HIGH_COVERAGE,TRANSPORT,0.04,24,0.3,40,3,0.0,0.0,0.225,0.8875,0.775,0.013797332991881538,0.8625,1.0,0.225,9,40,40,80
POLICY_CONFIRMATION,HIGH_COVERAGE,TRANSPORT,0.04,24,0.72,1,3,0.0,0.0,0.0,1.0,1.0,0.0,1.0,0.0,0.0,0,1,0,1
POLICY_CONFIRMATION,HIGH_COVERAGE,TRANSPORT,0.04,24,0.72,12,1,0.0,0.0,0.0,1.0,1.0,0.0,0.7916666666666666,0.0,0.0,0,12,12,24
POLICY_CONFIRMATION,HIGH_COVERAGE,TRANSPORT,0.04,24,0.72,12,3,0.0,0.0,0.0,1.0,1.0,0.0,1.0,0.0,0.0,0,6,6,12
POLICY_CONFIRMATION,HIGH_COVERAGE,TRANSPORT,0.04,24,0.72,40,5,0.0,0.0,0.3,0.85,0.7,0.01581312748025112,0.9166666666666666,1.0,0.3,18,60,60,120
POLICY_CONFIRMATION,HIGH_COVERAGE,TRANSPORT,0.04,72,0.3,1,5,0.0,0.0,1.0,0.0,0.0,0.007436638076938125,1.0,1.0,1.0,1,1,0,1
POLICY_CONFIRMATION,HIGH_COVERAGE,TRANSPORT,0.04,72,0.3,12,1,0.0,0.0,0.0,1.0,1.0,0.0,1.0,0.0,0.0,0,0,12,12
POLICY_CONFIRMATION,HIGH_COVERAGE,TRANSPORT,0.04,72,0.3,12,3,0.0,0.0,0.5,0.75,0.5,0.01176594227244046,0.7777777777777778,1.0,0.5,9,18,18,36
POLICY_CONFIRMATION,HIGH_COVERAGE,TRANSPORT,0.04,72,0.3,40,1,0.0,0.0,0.0,1.0,1.0,0.0,0.85,0.0,0.0,0,0,40,40
POLICY_CONFIRMATION,HIGH_COVERAGE,TRANSPORT,0.04,72,0.3,40,5,0.0,0.0,0.0,1.0,1.0,0.0,0.9,0.0,0.0,0,20,20,40
POLICY_CONFIRMATION,HIGH_COVERAGE,TRANSPORT,0.04,72,0.72,1,1,0.0,0.0,0.0,1.0,1.0,0.0,0.3333333333333333,0.0,0.0,0,3,0,3
POLICY_CONFIRMATION,HIGH_COVERAGE,TRANSPORT,0.04,72,0.72,12,1,0.0,0.0,0.0,1.0,1.0,0.0,0.9166666666666666,0.0,0.0,0,6,6,12
POLICY_CONFIRMATION,HIGH_COVERAGE,TRANSPORT,0.04,72,0.72,40,3,0.0,0.0,0.15,0.925,0.85,0.0072202103151162945,0.225,1.0,0.15,3,20,20,40
POLICY_CONFIRMATION,HIGH_COVERAGE,TRANSPORT,0.04,72,0.72,40,5,0.425,0.578198482368462,0.5,0.5375,0.5,0.0411649714123051,0.5,0.5405405405405406,0.5,37,40,40,80
POLICY_CONFIRMATION,HIGH_COVERAGE,TRANSPORT,0.04,180,0.3,1,1,0.0,0.0,0.0,1.0,1.0,0.0,1.0,0.0,0.0,0,1,0,1
POLICY_CONFIRMATION,HIGH_COVERAGE,TRANSPORT,0.04,180,0.3,1,3,0.0,0.0,0.0,1.0,1.0,0.0,1.0,0.0,0.0,0,1,0,1
POLICY_CONFIRMATION,HIGH_COVERAGE,TRANSPORT,0.04,180,0.3,12,1,0.0,0.0,0.0,1.0,1.0,0.0,0.3333333333333333,0.0,0.0,0,6,18,24
POLICY_CONFIRMATION,HIGH_COVERAGE,TRANSPORT,0.04,180,0.3,40,5,0.03333333333333333,0.07875449009404872,0.65,0.6583333333333333,0.35,0.010645159671176343,0.7833333333333333,0.9512195121951219,0.65,41,60,60,120
POLICY_CONFIRMATION,HIGH_COVERAGE,TRANSPORT,0.04,180,0.72,1,1,0.0,0.0,0.0,1.0,1.0,0.0,1.0,0.0,0.0,0,1,0,1
POLICY_CONFIRMATION,HIGH_COVERAGE,TRANSPORT,0.04,180,0.72,1,5,0.0,0.0,0.0,1.0,1.0,0.0,1.0,0.0,0.0,0,1,0,1
POLICY_CONFIRMATION,HIGH_COVERAGE,TRANSPORT,0.04,180,0.72,12,3,0.0,0.0,1.0,0.5,0.0,0.005065711493512607,1.0,1.0,1.0,12,12,12,24
POLICY_CONFIRMATION,HIGH_COVERAGE,TRANSPORT,0.04,180,0.72,40,1,0.0,0.0,0.0,1.0,1.0,0.0,0.75,0.0,0.0,0,20,20,40
POLICY_CONFIRMATION,HIGH_COVERAGE,TRANSPORT,0.04,180,0.72,40,3,0.0,0.0,0.0,1.0,1.0,0.0,0.9,0.0,0.0,0,20,20,40
POLICY_CONFIRMATION,HIGH_COVERAGE,TRANSPORT,0.085,24,0.3,1,1,0.0,0.0,0.0,1.0,1.0,0.0,1.0,0.0,0.0,0,3,0,3
POLICY_CONFIRMATION,HIGH_COVERAGE,TRANSPORT,0.085,24,0.3,12,5,0.3333333333333333,0.7105355092038887,1.0,0.33333333333333337,0.0,0.020665750632917847,0.75,0.75,1.0,8,6,6,12
POLICY_CONFIRMATION,HIGH_COVERAGE,TRANSPORT,0.085,24,0.3,40,3,0.05,0.11754183888524208,0.5,0.725,0.5,0.017648275431078678,0.7125,0.9090909090909091,0.5,22,40,40,80
POLICY_CONFIRMATION,HIGH_COVERAGE,TRANSPORT,0.085,24,0.93,1,3,0.0,0.0,1.0,0.0,0.0,0.0020282180174091974,1.0,1.0,1.0,1,1,0,1
POLICY_CONFIRMATION,HIGH_COVERAGE,TRANSPORT,0.085,24,0.93,1,5,0.0,0.0,1.0,0.0,0.0,0.007530862634373928,1.0,1.0,1.0,1,1,0,1
POLICY_CONFIRMATION,HIGH_COVERAGE,TRANSPORT,0.085,24,0.93,12,1,0.0,0.0,0.0,1.0,1.0,0.0,1.0,0.0,0.0,0,6,6,12
POLICY_CONFIRMATION,HIGH_COVERAGE,TRANSPORT,0.085,24,0.93,12,3,0.0,0.0,1.0,0.75,0.0,0.007122043906060367,1.0,1.0,1.0,6,6,18,24
POLICY_CONFIRMATION,HIGH_COVERAGE,TRANSPORT,0.085,24,0.93,40,5,0.475,0.6297577946340668,1.0,0.26249999999999996,0.0,0.061976262799393694,0.5,0.6779661016949152,1.0,59,40,40,80
POLICY_CONFIRMATION,HIGH_COVERAGE,TRANSPORT,0.085,72,0.3,1,5,0.0,0.0,1.0,0.0,0.0,0.0029667263839266017,1.0,1.0,1.0,2,2,0,2
POLICY_CONFIRMATION,HIGH_COVERAGE,TRANSPORT,0.085,72,0.3,12,3,0.041666666666666664,0.12161384251375915,0.6666666666666666,0.6458333333333333,0.33333333333333337,0.016423269087526907,0.7708333333333334,0.9411764705882353,0.6666666666666666,17,24,24,48
POLICY_CONFIRMATION,HIGH_COVERAGE,TRANSPORT,0.085,72,0.3,40,1,0.0,0.0,0.0,1.0,1.0,0.0,0.9,0.0,0.0,0,20,20,40
POLICY_CONFIRMATION,HIGH_COVERAGE,TRANSPORT,0.085,72,0.93,1,1,0.0,0.0,0.0,1.0,1.0,0.0,0.5,0.0,0.0,0,2,0,2
POLICY_CONFIRMATION,HIGH_COVERAGE,TRANSPORT,0.085,72,0.93,1,3,0.0,0.0,0.0,1.0,1.0,0.0,1.0,0.0,0.0,0,0,1,1
POLICY_CONFIRMATION,HIGH_COVERAGE,TRANSPORT,0.085,72,0.93,12,1,0.0,0.0,0.0,1.0,1.0,0.0,0.6666666666666666,0.0,0.0,0,6,6,12
POLICY_CONFIRMATION,HIGH_COVERAGE,TRANSPORT,0.085,72,0.93,40,3,0.0,0.0,0.0,1.0,1.0,0.0,1.0,0.0,0.0,0,0,40,40
POLICY_CONFIRMATION,HIGH_COVERAGE,TRANSPORT,0.085,72,0.93,40,5,0.5,0.6549516053482506,0.5,0.5,0.5,0.0442304866602812,0.3875,0.5,0.5,40,40,40,80
POLICY_CONFIRMATION,HIGH_COVERAGE,TRANSPORT,0.085,180,0.3,1,3,0.0,0.0,0.5,0.5,0.5,0.013308405817289384,1.0,1.0,0.5,1,2,0,2
POLICY_CONFIRMATION,HIGH_COVERAGE,TRANSPORT,0.085,180,0.3,12,1,0.0,0.0,0.0,1.0,1.0,0.0,0.875,0.0,0.0,0,12,12,24
POLICY_CONFIRMATION,HIGH_COVERAGE,TRANSPORT,0.085,180,0.3,40,5,0.016666666666666666,0.049059967300068105,1.0,0.4916666666666667,0.0,0.007990890896876988,0.7833333333333333,0.9836065573770492,1.0,61,60,60,120
POLICY_CONFIRMATION,HIGH_COVERAGE,TRANSPORT,0.085,180,0.93,1,1,0.0,0.0,0.0,1.0,1.0,0.0,1.0,0.0,0.0,0,2,0,2
POLICY_CONFIRMATION,HIGH_COVERAGE,TRANSPORT,0.085,180,0.93,1,5,0.0,0.0,0.0,1.0,1.0,0.0,1.0,0.0,0.0,0,1,0,1
POLICY_CONFIRMATION,HIGH_COVERAGE,TRANSPORT,0.085,180,0.93,12,3,0.0,0.0,1.0,0.75,0.0,0.009875913475102555,0.75,1.0,1.0,6,6,18,24
POLICY_CONFIRMATION,HIGH_COVERAGE,TRANSPORT,0.085,180,0.93,40,3,0.0,0.0,0.0,1.0,1.0,0.0,1.0,0.0,0.0,0,20,20,40
