stage,estimand,effect_size,model_count,family_count,models_per_family,family_correlation,benchmark_count,item_count,measurement_error,transport_heterogeneity,held_out_benchmark,held_out_family,simulated_standard_error,power,monte_carlo_se,power_ci_lower,power_ci_upper,target_power,design_adequacy,evidence_role
S2,PAIRWISE_ACCURACY_DIFFERENCE,0.01,8,7,1.1428571428571428,0.5,3,200,0.15,0.2,ROTATING_LOBO,ROTATING_LOFO,0.04330127018922193,0.046,0.00936845771725528,0.02763782287417965,0.06436217712582035,0.8,UNDERPOWERED,PLANNING_SIMULATION_ONLY
S2,PAIRWISE_ACCURACY_DIFFERENCE,0.02,8,7,1.1428571428571428,0.5,3,200,0.15,0.2,ROTATING_LOBO,ROTATING_LOFO,0.04330127018922193,0.09,0.012798437404620925,0.06491506268694298,0.11508493731305701,0.8,UNDERPOWERED,PLANNING_SIMULATION_ONLY
S2,PAIRWISE_ACCURACY_DIFFERENCE,0.03,8,7,1.1428571428571428,0.5,3,200,0.15,0.2,ROTATING_LOBO,ROTATING_LOFO,0.04330127018922193,0.114,0.014212951839783319,0.08614261439402471,0.1418573856059753,0.8,UNDERPOWERED,PLANNING_SIMULATION_ONLY
S2,MODEL_RANK_CORRELATION,0.01,8,7,1.1428571428571428,0.5,3,200,0.15,0.2,ROTATING_LOBO,ROTATING_LOFO,0.5421151989096864,0.066,0.011103512957618413,0.044237114603067916,0.08776288539693208,0.8,UNDERPOWERED,PLANNING_SIMULATION_ONLY
S2,MODEL_RANK_CORRELATION,0.02,8,7,1.1428571428571428,0.5,3,200,0.15,0.2,ROTATING_LOBO,ROTATING_LOFO,0.5421151989096864,0.06,0.010620734437881401,0.03918336050175245,0.08081663949824755,0.8,UNDERPOWERED,PLANNING_SIMULATION_ONLY
S2,MODEL_RANK_CORRELATION,0.03,8,7,1.1428571428571428,0.5,3,200,0.15,0.2,ROTATING_LOBO,ROTATING_LOFO,0.5421151989096864,0.048,0.009559916317625379,0.029262564017454258,0.06673743598254575,0.8,UNDERPOWERED,PLANNING_SIMULATION_ONLY
S2,MODEL_BENCHMARK_INTERACTION,0.01,8,7,1.1428571428571428,0.5,3,200,0.15,0.2,ROTATING_LOBO,ROTATING_LOFO,0.03162277660168379,0.074,0.011706750189527408,0.05105476962852627,0.09694523037147372,0.8,UNDERPOWERED,PLANNING_SIMULATION_ONLY
S2,MODEL_BENCHMARK_INTERACTION,0.02,8,7,1.1428571428571428,0.5,3,200,0.15,0.2,ROTATING_LOBO,ROTATING_LOFO,0.03162277660168379,0.088,0.012669333052690659,0.0631681072167263,0.11283189278327369,0.8,UNDERPOWERED,PLANNING_SIMULATION_ONLY
S2,MODEL_BENCHMARK_INTERACTION,0.03,8,7,1.1428571428571428,0.5,3,200,0.15,0.2,ROTATING_LOBO,ROTATING_LOFO,0.03162277660168379,0.15,0.015968719422671314,0.11870130993156422,0.18129869006843577,0.8,UNDERPOWERED,PLANNING_SIMULATION_ONLY
S2,FAMILY_BENCHMARK_INTERACTION,0.01,8,7,1.1428571428571428,0.5,3,200,0.15,0.2,ROTATING_LOBO,ROTATING_LOFO,0.032732683535398856,0.072,0.011559930795640603,0.049342535640544416,0.09465746435945557,0.8,UNDERPOWERED,PLANNING_SIMULATION_ONLY
S2,FAMILY_BENCHMARK_INTERACTION,0.02,8,7,1.1428571428571428,0.5,3,200,0.15,0.2,ROTATING_LOBO,ROTATING_LOFO,0.032732683535398856,0.096,0.013174520864152897,0.07017793910626033,0.12182206089373968,0.8,UNDERPOWERED,PLANNING_SIMULATION_ONLY
S2,FAMILY_BENCHMARK_INTERACTION,0.03,8,7,1.1428571428571428,0.5,3,200,0.15,0.2,ROTATING_LOBO,ROTATING_LOFO,0.032732683535398856,0.148,0.015880554146502572,0.11687411387285496,0.17912588612714503,0.8,UNDERPOWERED,PLANNING_SIMULATION_ONLY
S2,DIAGNOSTIC_TRANSPORT_EFFECT,0.01,8,7,1.1428571428571428,0.5,3,200,0.15,0.2,ROTATING_LOBO,ROTATING_LOFO,0.07216878364870323,0.046,0.00936845771725528,0.02763782287417965,0.06436217712582035,0.8,UNDERPOWERED,PLANNING_SIMULATION_ONLY
S2,DIAGNOSTIC_TRANSPORT_EFFECT,0.02,8,7,1.1428571428571428,0.5,3,200,0.15,0.2,ROTATING_LOBO,ROTATING_LOFO,0.07216878364870323,0.066,0.011103512957618413,0.044237114603067916,0.08776288539693208,0.8,UNDERPOWERED,PLANNING_SIMULATION_ONLY
S2,DIAGNOSTIC_TRANSPORT_EFFECT,0.03,8,7,1.1428571428571428,0.5,3,200,0.15,0.2,ROTATING_LOBO,ROTATING_LOFO,0.07216878364870323,0.076,0.011851075900524812,0.05277189123497136,0.09922810876502863,0.8,UNDERPOWERED,PLANNING_SIMULATION_ONLY
S2,TOP_K_DECISION_STABILITY,0.01,8,7,1.1428571428571428,0.5,3,200,0.15,0.2,ROTATING_LOBO,ROTATING_LOFO,0.023784133220262012,0.044,0.009172131704244111,0.02602262185968154,0.06197737814031845,0.8,UNDERPOWERED,PLANNING_SIMULATION_ONLY
S2,TOP_K_DECISION_STABILITY,0.02,8,7,1.1428571428571428,0.5,3,200,0.15,0.2,ROTATING_LOBO,ROTATING_LOFO,0.023784133220262012,0.124,0.014739335127474372,0.09511090315015022,0.15288909684984978,0.8,UNDERPOWERED,PLANNING_SIMULATION_ONLY
S2,TOP_K_DECISION_STABILITY,0.03,8,7,1.1428571428571428,0.5,3,200,0.15,0.2,ROTATING_LOBO,ROTATING_LOFO,0.023784133220262012,0.28,0.020079840636817812,0.24064351235183712,0.31935648764816293,0.8,UNDERPOWERED,PLANNING_SIMULATION_ONLY
S2,CLAIM_LICENSE_RATE,0.01,8,7,1.1428571428571428,0.5,3,200,0.15,0.2,ROTATING_LOBO,ROTATING_LOFO,0.16366341767699427,0.042,0.008970618707759236,0.0244175873327919,0.05958241266720811,0.8,UNDERPOWERED,PLANNING_SIMULATION_ONLY
S2,CLAIM_LICENSE_RATE,0.02,8,7,1.1428571428571428,0.5,3,200,0.15,0.2,ROTATING_LOBO,ROTATING_LOFO,0.16366341767699427,0.048,0.009559916317625379,0.029262564017454258,0.06673743598254575,0.8,UNDERPOWERED,PLANNING_SIMULATION_ONLY
S2,CLAIM_LICENSE_RATE,0.03,8,7,1.1428571428571428,0.5,3,200,0.15,0.2,ROTATING_LOBO,ROTATING_LOFO,0.16366341767699427,0.05,0.009746794344808964,0.030896283084174435,0.06910371691582556,0.8,UNDERPOWERED,PLANNING_SIMULATION_ONLY
S2,REPAIR_EFFECT,0.01,8,7,1.1428571428571428,0.5,3,200,0.15,0.2,ROTATING_LOBO,ROTATING_LOFO,0.019190747298320446,0.092,0.012925633446759968,0.06666575844435046,0.11733424155564953,0.8,UNDERPOWERED,PLANNING_SIMULATION_ONLY
S2,REPAIR_EFFECT,0.02,8,7,1.1428571428571428,0.5,3,200,0.15,0.2,ROTATING_LOBO,ROTATING_LOFO,0.019190747298320446,0.164,0.0165592270351004,0.13154391501120322,0.1964560849887968,0.8,UNDERPOWERED,PLANNING_SIMULATION_ONLY
S2,REPAIR_EFFECT,0.03,8,7,1.1428571428571428,0.5,3,200,0.15,0.2,ROTATING_LOBO,ROTATING_LOFO,0.019190747298320446,0.382,0.02172905888436036,0.3394110445866537,0.4245889554133463,0.8,UNDERPOWERED,PLANNING_SIMULATION_ONLY
S3,PAIRWISE_ACCURACY_DIFFERENCE,0.01,11,9,1.2222222222222223,0.5,3,1319,0.1,0.2,ROTATING_LOBO,ROTATING_LOFO,0.01686138465980608,0.082,0.012269963325128565,0.057950871882748015,0.10604912811725199,0.8,UNDERPOWERED,PLANNING_SIMULATION_ONLY
S3,PAIRWISE_ACCURACY_DIFFERENCE,0.02,11,9,1.2222222222222223,0.5,3,1319,0.1,0.2,ROTATING_LOBO,ROTATING_LOFO,0.01686138465980608,0.21,0.01821537811850196,0.17429785888773616,0.24570214111226382,0.8,UNDERPOWERED,PLANNING_SIMULATION_ONLY
S3,PAIRWISE_ACCURACY_DIFFERENCE,0.03,11,9,1.2222222222222223,0.5,3,1319,0.1,0.2,ROTATING_LOBO,ROTATING_LOFO,0.01686138465980608,0.432,0.022152923057691506,0.38858027080692464,0.47541972919307535,0.8,UNDERPOWERED,PLANNING_SIMULATION_ONLY
S3,MODEL_RANK_CORRELATION,0.01,11,9,1.2222222222222223,0.5,3,1319,0.1,0.2,ROTATING_LOBO,ROTATING_LOFO,0.41576092031014994,0.048,0.009559916317625379,0.029262564017454258,0.06673743598254575,0.8,UNDERPOWERED,PLANNING_SIMULATION_ONLY
S3,MODEL_RANK_CORRELATION,0.02,11,9,1.2222222222222223,0.5,3,1319,0.1,0.2,ROTATING_LOBO,ROTATING_LOFO,0.41576092031014994,0.056,0.010282412168358162,0.035846472150018,0.076153527849982,0.8,UNDERPOWERED,PLANNING_SIMULATION_ONLY
S3,MODEL_RANK_CORRELATION,0.03,11,9,1.2222222222222223,0.5,3,1319,0.1,0.2,ROTATING_LOBO,ROTATING_LOFO,0.41576092031014994,0.04,0.008763560920082658,0.022823420596637993,0.05717657940336201,0.8,UNDERPOWERED,PLANNING_SIMULATION_ONLY
S3,MODEL_BENCHMARK_INTERACTION,0.01,11,9,1.2222222222222223,0.5,3,1319,0.1,0.2,ROTATING_LOBO,ROTATING_LOFO,0.018257418583505537,0.1,0.01341640786499874,0.07370384058460247,0.12629615941539754,0.8,UNDERPOWERED,PLANNING_SIMULATION_ONLY
S3,MODEL_BENCHMARK_INTERACTION,0.02,11,9,1.2222222222222223,0.5,3,1319,0.1,0.2,ROTATING_LOBO,ROTATING_LOFO,0.018257418583505537,0.172,0.0168769665520792,0.13892114555792476,0.20507885444207521,0.8,UNDERPOWERED,PLANNING_SIMULATION_ONLY
S3,MODEL_BENCHMARK_INTERACTION,0.03,11,9,1.2222222222222223,0.5,3,1319,0.1,0.2,ROTATING_LOBO,ROTATING_LOFO,0.018257418583505537,0.362,0.021492138097453217,0.31987540932899167,0.4041245906710083,0.8,UNDERPOWERED,PLANNING_SIMULATION_ONLY
S3,FAMILY_BENCHMARK_INTERACTION,0.01,11,9,1.2222222222222223,0.5,3,1319,0.1,0.2,ROTATING_LOBO,ROTATING_LOFO,0.019245008972987525,0.098,0.013296315279053818,0.07193922205305452,0.12406077794694549,0.8,UNDERPOWERED,PLANNING_SIMULATION_ONLY
S3,FAMILY_BENCHMARK_INTERACTION,0.02,11,9,1.2222222222222223,0.5,3,1319,0.1,0.2,ROTATING_LOBO,ROTATING_LOFO,0.019245008972987525,0.16,0.016395121225535356,0.12786556239795072,0.1921344376020493,0.8,UNDERPOWERED,PLANNING_SIMULATION_ONLY
S3,FAMILY_BENCHMARK_INTERACTION,0.03,11,9,1.2222222222222223,0.5,3,1319,0.1,0.2,ROTATING_LOBO,ROTATING_LOFO,0.019245008972987525,0.36,0.02146625258399798,0.317926144935364,0.402073855064636,0.8,UNDERPOWERED,PLANNING_SIMULATION_ONLY
S3,DIAGNOSTIC_TRANSPORT_EFFECT,0.01,11,9,1.2222222222222223,0.5,3,1319,0.1,0.2,ROTATING_LOBO,ROTATING_LOFO,0.05590169943749475,0.056,0.010282412168358162,0.035846472150018,0.076153527849982,0.8,UNDERPOWERED,PLANNING_SIMULATION_ONLY
S3,DIAGNOSTIC_TRANSPORT_EFFECT,0.02,11,9,1.2222222222222223,0.5,3,1319,0.1,0.2,ROTATING_LOBO,ROTATING_LOFO,0.05590169943749475,0.058,0.010453324829928513,0.03751148333334012,0.07848851666665989,0.8,UNDERPOWERED,PLANNING_SIMULATION_ONLY
S3,DIAGNOSTIC_TRANSPORT_EFFECT,0.03,11,9,1.2222222222222223,0.5,3,1319,0.1,0.2,ROTATING_LOBO,ROTATING_LOFO,0.05590169943749475,0.078,0.011992997957141493,0.054493724004002674,0.10150627599599732,0.8,UNDERPOWERED,PLANNING_SIMULATION_ONLY
S3,TOP_K_DECISION_STABILITY,0.01,11,9,1.2222222222222223,0.5,3,1319,0.1,0.2,ROTATING_LOBO,ROTATING_LOFO,0.011797090676814975,0.144,0.01570121014444428,0.1132256281168892,0.1747743718831108,0.8,UNDERPOWERED,PLANNING_SIMULATION_ONLY
S3,TOP_K_DECISION_STABILITY,0.02,11,9,1.2222222222222223,0.5,3,1319,0.1,0.2,ROTATING_LOBO,ROTATING_LOFO,0.011797090676814975,0.404,0.021944657664224338,0.3609884709781203,0.44701152902187974,0.8,UNDERPOWERED,PLANNING_SIMULATION_ONLY
S3,TOP_K_DECISION_STABILITY,0.03,11,9,1.2222222222222223,0.5,3,1319,0.1,0.2,ROTATING_LOBO,ROTATING_LOFO,0.011797090676814975,0.718,0.020123419192572618,0.6785580983825577,0.7574419016174423,0.8,UNDERPOWERED,PLANNING_SIMULATION_ONLY
S3,CLAIM_LICENSE_RATE,0.01,11,9,1.2222222222222223,0.5,3,1319,0.1,0.2,ROTATING_LOBO,ROTATING_LOFO,0.14433756729740643,0.056,0.010282412168358162,0.035846472150018,0.076153527849982,0.8,UNDERPOWERED,PLANNING_SIMULATION_ONLY
S3,CLAIM_LICENSE_RATE,0.02,11,9,1.2222222222222223,0.5,3,1319,0.1,0.2,ROTATING_LOBO,ROTATING_LOFO,0.14433756729740643,0.056,0.010282412168358162,0.035846472150018,0.076153527849982,0.8,UNDERPOWERED,PLANNING_SIMULATION_ONLY
S3,CLAIM_LICENSE_RATE,0.03,11,9,1.2222222222222223,0.5,3,1319,0.1,0.2,ROTATING_LOBO,ROTATING_LOFO,0.14433756729740643,0.05,0.009746794344808964,0.030896283084174435,0.06910371691582556,0.8,UNDERPOWERED,PLANNING_SIMULATION_ONLY
S3,REPAIR_EFFECT,0.01,11,9,1.2222222222222223,0.5,3,1319,0.1,0.2,ROTATING_LOBO,ROTATING_LOFO,0.009276065614135283,0.19,0.017544229820656135,0.15561330955151398,0.22438669044848603,0.8,UNDERPOWERED,PLANNING_SIMULATION_ONLY
S3,REPAIR_EFFECT,0.02,11,9,1.2222222222222223,0.5,3,1319,0.1,0.2,ROTATING_LOBO,ROTATING_LOFO,0.009276065614135283,0.578,0.02208691920571993,0.5347096383567889,0.621290361643211,0.8,UNDERPOWERED,PLANNING_SIMULATION_ONLY
S3,REPAIR_EFFECT,0.03,11,9,1.2222222222222223,0.5,3,1319,0.1,0.2,ROTATING_LOBO,ROTATING_LOFO,0.009276065614135283,0.898,0.013534843922262271,0.871471705912366,0.924528294087634,0.8,ADEQUATE,PLANNING_SIMULATION_ONLY
S4,PAIRWISE_ACCURACY_DIFFERENCE,0.01,13,11,1.1818181818181819,0.5,3,1319,0.1,0.2,ROTATING_LOBO,ROTATING_LOFO,0.01686138465980608,0.1,0.01341640786499874,0.07370384058460247,0.12629615941539754,0.8,UNDERPOWERED,PLANNING_SIMULATION_ONLY
S4,PAIRWISE_ACCURACY_DIFFERENCE,0.02,13,11,1.1818181818181819,0.5,3,1319,0.1,0.2,ROTATING_LOBO,ROTATING_LOFO,0.01686138465980608,0.218,0.018464885594013304,0.1818088242357339,0.2541911757642661,0.8,UNDERPOWERED,PLANNING_SIMULATION_ONLY
S4,PAIRWISE_ACCURACY_DIFFERENCE,0.03,13,11,1.1818181818181819,0.5,3,1319,0.1,0.2,ROTATING_LOBO,ROTATING_LOFO,0.01686138465980608,0.402,0.021926969694875762,0.35902313939804353,0.4449768606019565,0.8,UNDERPOWERED,PLANNING_SIMULATION_ONLY
S4,MODEL_RANK_CORRELATION,0.01,13,11,1.1818181818181819,0.5,3,1319,0.1,0.2,ROTATING_LOBO,ROTATING_LOFO,0.3666666666666667,0.062,0.010784804124322332,0.04086178391632823,0.08313821608367178,0.8,UNDERPOWERED,PLANNING_SIMULATION_ONLY
S4,MODEL_RANK_CORRELATION,0.02,13,11,1.1818181818181819,0.5,3,1319,0.1,0.2,ROTATING_LOBO,ROTATING_LOFO,0.3666666666666667,0.058,0.010453324829928513,0.03751148333334012,0.07848851666665989,0.8,UNDERPOWERED,PLANNING_SIMULATION_ONLY
S4,MODEL_RANK_CORRELATION,0.03,13,11,1.1818181818181819,0.5,3,1319,0.1,0.2,ROTATING_LOBO,ROTATING_LOFO,0.3666666666666667,0.052,0.00992935043192655,0.03253847315342396,0.07146152684657603,0.8,UNDERPOWERED,PLANNING_SIMULATION_ONLY
S4,MODEL_BENCHMARK_INTERACTION,0.01,13,11,1.1818181818181819,0.5,3,1319,0.1,0.2,ROTATING_LOBO,ROTATING_LOFO,0.016666666666666666,0.082,0.012269963325128565,0.057950871882748015,0.10604912811725199,0.8,UNDERPOWERED,PLANNING_SIMULATION_ONLY
S4,MODEL_BENCHMARK_INTERACTION,0.02,13,11,1.1818181818181819,0.5,3,1319,0.1,0.2,ROTATING_LOBO,ROTATING_LOFO,0.016666666666666666,0.244,0.019207498535728174,0.20635330286997278,0.2816466971300272,0.8,UNDERPOWERED,PLANNING_SIMULATION_ONLY
S4,MODEL_BENCHMARK_INTERACTION,0.03,13,11,1.1818181818181819,0.5,3,1319,0.1,0.2,ROTATING_LOBO,ROTATING_LOFO,0.016666666666666666,0.454,0.022265848288354075,0.41035893735482604,0.497641062645174,0.8,UNDERPOWERED,PLANNING_SIMULATION_ONLY
S4,FAMILY_BENCHMARK_INTERACTION,0.01,13,11,1.1818181818181819,0.5,3,1319,0.1,0.2,ROTATING_LOBO,ROTATING_LOFO,0.017407765595569787,0.088,0.012669333052690659,0.0631681072167263,0.11283189278327369,0.8,UNDERPOWERED,PLANNING_SIMULATION_ONLY
S4,FAMILY_BENCHMARK_INTERACTION,0.02,13,11,1.1818181818181819,0.5,3,1319,0.1,0.2,ROTATING_LOBO,ROTATING_LOFO,0.017407765595569787,0.218,0.018464885594013304,0.1818088242357339,0.2541911757642661,0.8,UNDERPOWERED,PLANNING_SIMULATION_ONLY
S4,FAMILY_BENCHMARK_INTERACTION,0.03,13,11,1.1818181818181819,0.5,3,1319,0.1,0.2,ROTATING_LOBO,ROTATING_LOFO,0.017407765595569787,0.426,0.02211442967837968,0.38265571783037583,0.46934428216962415,0.8,UNDERPOWERED,PLANNING_SIMULATION_ONLY
S4,DIAGNOSTIC_TRANSPORT_EFFECT,0.01,13,11,1.1818181818181819,0.5,3,1319,0.1,0.2,ROTATING_LOBO,ROTATING_LOFO,0.05,0.064,0.010945684080951725,0.042546459201334624,0.08545354079866538,0.8,UNDERPOWERED,PLANNING_SIMULATION_ONLY
S4,DIAGNOSTIC_TRANSPORT_EFFECT,0.02,13,11,1.1818181818181819,0.5,3,1319,0.1,0.2,ROTATING_LOBO,ROTATING_LOFO,0.05,0.09,0.012798437404620925,0.06491506268694298,0.11508493731305701,0.8,UNDERPOWERED,PLANNING_SIMULATION_ONLY
S4,DIAGNOSTIC_TRANSPORT_EFFECT,0.03,13,11,1.1818181818181819,0.5,3,1319,0.1,0.2,ROTATING_LOBO,ROTATING_LOFO,0.05,0.106,0.013766916866168693,0.07901684294230936,0.13298315705769065,0.8,UNDERPOWERED,PLANNING_SIMULATION_ONLY
S4,TOP_K_DECISION_STABILITY,0.01,13,11,1.1818181818181819,0.5,3,1319,0.1,0.2,ROTATING_LOBO,ROTATING_LOFO,0.01076922112770908,0.156,0.01622738426241272,0.12419432684567107,0.18780567315432894,0.8,UNDERPOWERED,PLANNING_SIMULATION_ONLY
S4,TOP_K_DECISION_STABILITY,0.02,13,11,1.1818181818181819,0.5,3,1319,0.1,0.2,ROTATING_LOBO,ROTATING_LOFO,0.01076922112770908,0.474,0.022330427671677047,0.430232361763513,0.517767638236487,0.8,UNDERPOWERED,PLANNING_SIMULATION_ONLY
S4,TOP_K_DECISION_STABILITY,0.03,13,11,1.1818181818181819,0.5,3,1319,0.1,0.2,ROTATING_LOBO,ROTATING_LOFO,0.01076922112770908,0.774,0.01870422412183943,0.7373397207211947,0.8106602792788054,0.8,UNDERPOWERED,PLANNING_SIMULATION_ONLY
S4,CLAIM_LICENSE_RATE,0.01,13,11,1.1818181818181819,0.5,3,1319,0.1,0.2,ROTATING_LOBO,ROTATING_LOFO,0.1305582419667734,0.052,0.00992935043192655,0.03253847315342396,0.07146152684657603,0.8,UNDERPOWERED,PLANNING_SIMULATION_ONLY
S4,CLAIM_LICENSE_RATE,0.02,13,11,1.1818181818181819,0.5,3,1319,0.1,0.2,ROTATING_LOBO,ROTATING_LOFO,0.1305582419667734,0.044,0.009172131704244111,0.02602262185968154,0.06197737814031845,0.8,UNDERPOWERED,PLANNING_SIMULATION_ONLY
S4,CLAIM_LICENSE_RATE,0.03,13,11,1.1818181818181819,0.5,3,1319,0.1,0.2,ROTATING_LOBO,ROTATING_LOFO,0.1305582419667734,0.056,0.010282412168358162,0.035846472150018,0.076153527849982,0.8,UNDERPOWERED,PLANNING_SIMULATION_ONLY
S4,REPAIR_EFFECT,0.01,13,11,1.1818181818181819,0.5,3,1319,0.1,0.2,ROTATING_LOBO,ROTATING_LOFO,0.00829676531078193,0.226,0.01870422412183943,0.18933972072119473,0.2626602792788053,0.8,UNDERPOWERED,PLANNING_SIMULATION_ONLY
S4,REPAIR_EFFECT,0.02,13,11,1.1818181818181819,0.5,3,1319,0.1,0.2,ROTATING_LOBO,ROTATING_LOFO,0.00829676531078193,0.664,0.02112363605064242,0.6225976733407409,0.7054023266592592,0.8,UNDERPOWERED,PLANNING_SIMULATION_ONLY
S4,REPAIR_EFFECT,0.03,13,11,1.1818181818181819,0.5,3,1319,0.1,0.2,ROTATING_LOBO,ROTATING_LOFO,0.00829676531078193,0.952,0.009559916317625384,0.9332625640174542,0.9707374359825457,0.8,ADEQUATE,PLANNING_SIMULATION_ONLY
